DUID,STATIONID,STATIONNAME,REGIONID,REGISTEREDCAPACITY,CO2E_ENERGY_SOURCE,SCHEDULE_TYPE,ACIL_ALLEN_UNIT_ID,COMMENT
AGLSITA1,AGLSITA,AGL KEMPS CREEK,NSW1,1,Landfill biogas methane,NON-SCHEDULED,,
ANGAST1,ANGASTON,ANGASTON POWER STATION,SA1,50,Diesel oil,SCHEDULED,POR01-1,Assuming technical parameters for Port Lincoln Power Station are similar to Anagaston Power Station. Based on fuel type and plant capacity. Both are also likely to operate as peaking plant.
APPIN,APPIN,Appin Power Plant,NSW1,55,Coal seam methane,NON-SCHEDULED,,
ARWF1,ARWF,Ararat Wind Farm,VIC1,241,Wind,SEMI-SCHEDULED,Oaklands Hill,Assuming technical parameters for Ararat Wind Farm are similar to Oaklands Hill Wind Farm
AWABAREF,AWABAREF,Awaba Power Station,NSW1,1,Landfill biogas methane,NON-SCHEDULED,,
BDL01,DEIBDL,Bairnsdale Power Station,VIC1,47,Natural Gas (Pipeline),SCHEDULED,BDL01,
BDL02,DEIBDL,Bairnsdale Power Station,VIC1,47,Natural Gas (Pipeline),SCHEDULED,BDL02,
BALDHWF1,BHWF,Bald Hills Wind Farm,VIC1,106,Wind,SEMI-SCHEDULED,Oaklands Hill,Assuming technical parameters for Bald Hills are similar to Oaklands Hill Wind Farm
BBASEHOS,BBASEHOS,Ballarat Base Hospital Plant,VIC1,3,Natural Gas (Pipeline),NON-SCHEDULED,,
BAPS,BAPS,Banimboola Power Station,VIC1,13,Hydro,NON-SCHEDULED,,
BANKSPT1,BANKSPT,Bankstown Sports Club Plant Units,NSW1,2,Diesel oil,NON-SCHEDULED,,
BARCALDN,BARCALDN,Barcaldine Power Station,QLD1,37,Natural Gas (Pipeline),SCHEDULED,BARCALDN,
BARCSF1,BARCSF,Barcaldine Solar Farm,QLD1,20,Solar,NON-SCHEDULED,,
BARRON-2,BARRON,Barron Gorge Power Station,QLD1,30,Hydro,SCHEDULED,BARRON2,
BARRON-1,BARRON,Barron Gorge Power Station,QLD1,30,Hydro,SCHEDULED,BARRON1,
BLNKVIC,BASSLINK,Basslink HVDC Link,VIC1,594,,NON-SCHEDULED,,
BASTYAN,BASTYAN,Bastyan Power Station,TAS1,80,Hydro,SCHEDULED,BA131-1,
BBTHREE1,BBP31,Bell Bay Three Power Station,TAS1,35,Natural Gas (Pipeline),SCHEDULED,Bell Bay GT1,
BW01,BAYSW,Bayswater Power Station,NSW1,660,Black coal,SCHEDULED,BW01,
BW02,BAYSW,Bayswater Power Station,NSW1,660,Black coal,SCHEDULED,BW02,
BW03,BAYSW,Bayswater Power Station,NSW1,660,Black coal,SCHEDULED,BW03,
BW04,BAYSW,Bayswater Power Station,NSW1,660,Black coal,SCHEDULED,BW04,
BBTHREE2,BBP31,Bell Bay Three Power Station,TAS1,35,Natural Gas (Pipeline),SCHEDULED,Bell Bay GT2,
BBTHREE3,BBP31,Bell Bay Three Power Station,TAS1,35,Natural Gas (Pipeline),SCHEDULED,Bell Bay GT3,
BLNKTAS,BASSLINK,Basslink HVDC Link,TAS1,478,,NON-SCHEDULED,,
BUTLERSG,BUTLERSG,Butlers Gorge Power Station,TAS1,14,Hydro,NON-SCHEDULED,,
BERWICK,BERWICK,Berwick Power Plant,VIC1,7,,NON-SCHEDULED,,
BLOWERNG,SNOWY6,Blowering Power Station,NSW1,80,Hydro,SCHEDULED,BLOWRNG,
BLULAKE1,BLULAKE,Blue Lake Milling Power Plant,SA1,1,Diesel oil,NON-SCHEDULED,,
BOCORWF1,BOCOROCK,Boco Rock Wind Farm,NSW1,113,Wind,SEMI-SCHEDULED,Boco Rock Wind Farm,
MCKAY1,MCKAY,Bogong / Mackay Power Station,VIC1,300,Hydro,SCHEDULED,BOGONG1,
BRAEMAR7,B2PS,BRAEMAR 2 POWER STATION,QLD1,173,Coal seam methane,SCHEDULED,Braemar23,
BRAEMAR5,B2PS,BRAEMAR 2 POWER STATION,QLD1,173,Coal seam methane,SCHEDULED,Braemar21,
BRAEMAR6,B2PS,BRAEMAR 2 POWER STATION,QLD1,173,Coal seam methane,SCHEDULED,Braemar22,
BRAEMAR1,BRAEMARA,Braemar Power Station,QLD1,168,Coal seam methane,SCHEDULED,Braemar11,
BRAEMAR2,BRAEMARA,Braemar Power Station,QLD1,168,Coal seam methane,SCHEDULED,Braemar12,
BRAEMAR3,BRAEMARA,Braemar Power Station,QLD1,168,Coal seam methane,SCHEDULED,Braemar13,
BROADMDW,BROADMDW,Broadmeadows Landfill Gas Power Station,VIC1,5,Landfill biogas methane,NON-SCHEDULED,,
BWTR1,BWTR1,Broadwater Power Station,NSW1,38,Bagasse,NON-SCHEDULED,,
GB01,BHILLGT,Broken Hill Gas Turbines,NSW1,50,Natural Gas (Pipeline),NON-SCHEDULED,,
BROKENH1,BROKENH,Broken Hill Solar Plant,NSW1,53,Solar,SEMI-SCHEDULED,,
BROOKLYN,BROOKLYN,Brooklyn LFG U1-3,VIC1,3,Landfill biogas methane,NON-SCHEDULED,,
BROWNMT,BROWNMT,Brown Mountain Hydro Power Station,NSW1,5,Hydro,NON-SCHEDULED,,
BPLANDF1,BPLANDF,Browns Plains Landfill Gas PS,QLD1,2,Landfill biogas methane,NON-SCHEDULED,,
BDONGHYD,BDONGHYD,Burrendong Hydro Power Station,NSW1,19,Hydro,NON-SCHEDULED,,
BURRIN,BURRIN,Burrinjuck Hydro Power Station,NSW1,27,Hydro,NON-SCHEDULED,,
CETHANA,CETHANA,Cethana Power Station,TAS1,85,Hydro,SCHEDULED,CE131-1,
CPP_3,CALLIDEC,CALLIDE C NETT OFF,QLD1,420,Black coal,SCHEDULED,CPP_3,
CPP_4,CALLIDEC,CALLIDE C NETT OFF,QLD1,420,Black coal,SCHEDULED,CPP_4,
CALL_A_4,CALLIDE,Callide Power Station,QLD1,30,Black coal,NON-SCHEDULED,,
CALL_B_1,CALLIDE,Callide Power Station,QLD1,350,Black coal,SCHEDULED,CALL_B_1,
CALL_B_2,CALLIDE,Callide Power Station,QLD1,350,Black coal,SCHEDULED,CALL_B_2,
CALLNL1,CALLIDE,Callide Power Station,QLD1,25,Black coal,NON-SCHEDULED,,
CALLNL4,CALLIDE,Callide Power Station,QLD1,30,Black coal,NON-SCHEDULED,,
CNUNDAWF,CANUNDA1,CANUNDA WIND FARM ,SA1,46,Wind,NON-SCHEDULED,,
CESF1,CESF,Capital East Solar Farm,NSW1,1,Solar,NON-SCHEDULED,,
CAPTL_WF,CAPTL_WF,Capital Wind Farm,NSW1,140,Wind,NON-SCHEDULED,,
CLUNY,CLUNY,Cluny Power Station,TAS1,17,Hydro,NON-SCHEDULED,,
DEVILS_G,DEVILS_G,Devils Gate Power Station,TAS1,60,Hydro,SCHEDULED,DG111-1,
DG_TAS1,DG_TAS1,TAS1 Dummy Generator,TAS1,3000,,SCHEDULED,,
FISHER,FISHER,Fisher Power Station,TAS1,43,Hydro,SCHEDULED,FI111-1,
CATHROCK,CATHROCK,CATHEDRAL ROCKS,SA1,66,Wind,NON-SCHEDULED,,
GORDON,GORDON,Gordon Power Station,TAS1,432,Hydro,SCHEDULED,GO181-1,
CHALLHWF,CHALLWF,Challicum Hills Wind Farm,VIC1,53,,NON-SCHEDULED,,
CHPSTWF1,CHPSTWF,Chepstowe Wind Farm,VIC1,6,Wind,NON-SCHEDULED,,
CLAYTON,CLAYTON,Clayton Landfill Gas Power Station,VIC1,11,Landfill biogas methane,NON-SCHEDULED,,
CLEMGPWF,CLEMGPWF,Clements Gap Wind Farm,SA1,57,Wind,SEMI-SCHEDULED,Clements Gap,
CLOVER,CLOVER,CLOVER POWER STATION,VIC1,29,,NON-SCHEDULED,,
GOVILLB1,GORDON,Gordon Power Station,TAS1,25,Hydro,NON-SCHEDULED,GO181-1,
CODRNGTON,CODRGTON,Codrington Wind Farm,VIC1,18,Wind,NON-SCHEDULED,,
CG1,COLONGRA,Colongra Power Station,NSW1,181,Natural Gas (Pipeline),SCHEDULED,Colongra OCGT1,
CG2,COLONGRA,Colongra Power Station,NSW1,181,Natural Gas (Pipeline),SCHEDULED,Colongra OCGT2,
CG3,COLONGRA,Colongra Power Station,NSW1,181,Natural Gas (Pipeline),SCHEDULED,Colongra OCGT3,
CG4,COLONGRA,Colongra Power Station,NSW1,181,Natural Gas (Pipeline),SCHEDULED,Colongra OCGT4,
CPSA,CPSA,Condamine Power Station A,QLD1,144,Natural Gas (Pipeline),SCHEDULED,Condamine,
CONDONG1,CONDONG1,Condong Power Station,NSW1,30,Bagasse,NON-SCHEDULED,,
CBWF1,CBWF,Coonoer Bridge Wind Farm,VIC1,20,Wind,NON-SCHEDULED,,
COPTNHYD,COPTNHYD,Copeton Hydro Power Station,NSW1,23,Hydro,NON-SCHEDULED,,
CORIO1,CORIO,Corio Landfill Gas Power Station,VIC1,1,Landfill biogas methane,NON-SCHEDULED,,
CULLRGWF,CULLERIN,Cullerin Range Wind Farm,NSW1,30,Wind,NON-SCHEDULED,,
DAANDINE,DAANDINE,Daandine Power Station,QLD1,33,Coal seam methane,NON-SCHEDULED,,
DDPS1,DDPS1,Darling Downs Power Station,QLD1,644,Natural Gas (Pipeline),SCHEDULED,DDPS1_GT1,
DARTM1,DARTM,DARTMOUTH POWER STATION,VIC1,150,Hydro,SCHEDULED,DARTM1,
JBUTTERS,JBUTTERS,John Butters Power Station,TAS1,144,Hydro,SCHEDULED,JB131-1,
DRYCGT1,DRYCGT,Dry Creek Gas Turbine Station,SA1,52,Natural Gas (Pipeline),SCHEDULED,DRYCGT1,
DRYCGT2,DRYCGT,Dry Creek Gas Turbine Station,SA1,52,Natural Gas (Pipeline),SCHEDULED,DRYCGT2,
DRYCGT3,DRYCGT,Dry Creek Gas Turbine Station,SA1,52,Natural Gas (Pipeline),SCHEDULED,DRYCGT3,
DRYCNL,DRYCGT,Dry Creek Gas Turbine Station,SA1,25,Natural Gas (Pipeline),NON-SCHEDULED,DRYCGT3,
EASTCRK2,EASTCRK2,Eastern Creek 2 Gas Utilisation Facility,NSW1,10,,NON-SCHEDULED,,
EASTCRK,EASTCRK,Eastern Creek LFG PS Units 1-4,NSW1,5,Landfill biogas methane,NON-SCHEDULED,,
EILDON1,EILDON,EILDON POWER STATION,VIC1,60,Hydro,SCHEDULED,EILDON1,
EILDON2,EILDON,EILDON POWER STATION,VIC1,60,Hydro,SCHEDULED,EILDON2,
EILDON3,EILDONPD,Eildon Power Station,VIC1,5,Hydro,NON-SCHEDULED,,
ERNL1,ERARING,ERARING POWER STATION,NSW1,25,Black coal,NON-SCHEDULED,,
ER02,ERARING,ERARING POWER STATION,NSW1,720,Black coal,SCHEDULED,ER02,
ER01,ERARING,ERARING POWER STATION,NSW1,720,Black coal,SCHEDULED,ER01,
ER03,ERARING,ERARING POWER STATION,NSW1,720,Black coal,SCHEDULED,ER03,
ER04,ERARING,ERARING POWER STATION,NSW1,720,Black coal,SCHEDULED,ER04,
ERGT01,ERGT01,Eraring Power Station,NSW1,42,Black coal,NON-SCHEDULED,,
L_W_CNL1,LI_WY_CA,Catagunya / Liapootah / Wayatinah Power Station,TAS1,25,Hydro,NON-SCHEDULED,CA111-1,
GERMCRK,GERMCRK,German Creek Power Station,QLD1,45,Landfill biogas methane,NON-SCHEDULED,,
GSTONE1,G/STONE,GLADSTONE POWER STATION,QLD1,280,Black coal,SCHEDULED,GSTONE1,
GSTONE2,G/STONE,GLADSTONE POWER STATION,QLD1,280,Black coal,SCHEDULED,GSTONE2,
GSTONE5,G/STONE,GLADSTONE POWER STATION,QLD1,280,Black coal,SCHEDULED,GSTONE5,
GSTONE6,G/STONE,GLADSTONE POWER STATION,QLD1,280,Black coal,SCHEDULED,GSTONE6,
GSTONE3,G/STONE,GLADSTONE POWER STATION,QLD1,280,Black coal,SCHEDULED,GSTONE3,
GSTONE4,G/STONE,GLADSTONE POWER STATION,QLD1,280,Black coal,SCHEDULED,GSTONE4,
GLADNL1,G/STONE,GLADSTONE POWER STATION,QLD1,25,Black coal,NON-SCHEDULED,,
GLBWNHYD,GLBWNHYD,Glenbawn Hydro Power Station,NSW1,6,Hydro,NON-SCHEDULED,,
GLENMAG1,GLENMAGG,Glenmaggie Hydro Power Station,VIC1,4,Hydro,NON-SCHEDULED,,
GLENNCRK,GLENNCRK,Glennies Creek Power Station,NSW1,13,,NON-SCHEDULED,,
LEM_WIL,LEM_WIL,Lemonthyme / Wilmot Power Station,TAS1,82,Hydro,SCHEDULED,LM111-1,
LI_WY_CA,LI_WY_CA,Catagunya / Liapootah / Wayatinah Power Station,TAS1,170,Hydro,SCHEDULED,CA111-1,
GRANGEAV,GRANGEAV,Grange Avenue Landfill Gas Power Station,NSW1,2,Landfill biogas methane,NON-SCHEDULED,,
GROSV1,GROSV1,Grosvenor 1 Waste Coal Mine Gas Power Station,QLD1,21,Coal mine waste gas,NON-SCHEDULED,,
GULLRWF1,GULLRGWF,Gullen Range Wind Farm,NSW1,166,Wind,SEMI-SCHEDULED,Gullen Range,
GUNNING1,GUNNING,Gunning Wind Farm,NSW1,47,Wind,SEMI-SCHEDULED,Gunning,
GUTHEGA,SNOWY3,Guthega Power Station,NSW1,60,Hydro,SCHEDULED,GUTHEGA1,
GUTHNL1,SNOWY3,Guthega Power Station,NSW1,25,Hydro,NON-SCHEDULED,,
HALAMRD1,HALAMRD,HALLAM ROAD RENEWABLE ENERGY FACILITY,VIC1,9,Landfill biogas methane,NON-SCHEDULED,,
HALLWF1,HALLWF,Hallett 1 Wind Farm,SA1,95,Wind,SEMI-SCHEDULED,Hallett Wind Farm,
HALLWF2,HALLWF2,Hallett 2 Wind Farm,SA1,71,Wind,SEMI-SCHEDULED,Hallett Hill Wind Farm,
AGLHAL,AGLHAL,Hallett Power Station,SA1,180,Natural Gas (Pipeline),SCHEDULED,AGLHAL01,
HEPWIND1,HEPWIND,Hepburn Community Wind Farm,VIC1,4,Wind,NON-SCHEDULED,,
HDWF1,HORNSDAL,Hornsdale Wind Farm,SA1,102,Wind,SEMI-SCHEDULED,Hallett Wind Farm,Assuming Hornsdale Wind Farm has similar technical characteristics to Hallet Wind Farm. Both are located close to each other.
HDWF2,HORNSDAL2,Hornsdale Wind Farm 2,SA1,102,Wind,SEMI-SCHEDULED,Hallett Wind Farm,Assuming Hornsdale Wind Farm 2 has similar technical characteristics to Hallet Wind Farm. Both are located close to each other.
HUMENSW,HUMENSW,Hume (NSW) Hydro Power Station,NSW1,29,Hydro,SCHEDULED,HUMENSW,
HUMEV,HUMEV,Hume (Vic) Hydro Power Station,VIC1,29,Hydro,SCHEDULED,HUMEV,
HVGTS,HUNTVGT,Hunter Valley Gas Turbine,NSW1,50,Kerosene - non aviation,SCHEDULED,HVGTS1,
INVICTA,INVICTA,Invicta Sugar Mill,QLD1,50,,NON-SCHEDULED,,
ICSM,ICSM,ISIS Central Sugar Mill Co-generation Plant,QLD1,25,Bagasse,NON-SCHEDULED,,
JACKSGUL,JACKSGUL,Jacks Gully Landfill Gas Power Station,NSW1,2,Landfill biogas methane,NON-SCHEDULED,,
JLA02,JEERA,"Jeeralang ""A"" Power Station",VIC1,51,Natural Gas (Pipeline),SCHEDULED,JLA02,
JLA01,JEERA,"Jeeralang ""A"" Power Station",VIC1,51,Natural Gas (Pipeline),SCHEDULED,JLA01,
JLA03,JEERA,"Jeeralang ""A"" Power Station",VIC1,51,Natural Gas (Pipeline),SCHEDULED,JLA03,
JLA04,JEERA,"Jeeralang ""A"" Power Station",VIC1,51,Natural Gas (Pipeline),SCHEDULED,JLA04,
JLB02,JEERB,"Jeeralang ""B"" Power Station",VIC1,76,Natural Gas (Pipeline),SCHEDULED,JLB02,
JLB03,JEERB,"Jeeralang ""B"" Power Station",VIC1,76,Natural Gas (Pipeline),SCHEDULED,JLB03,
JLB01,JEERB,"Jeeralang ""B"" Power Station",VIC1,76,Natural Gas (Pipeline),SCHEDULED,JLB01,
SNOWYGJP,SNWYGJP2,Jindabyne Pump At Guthega,VIC1,70,,NON-SCHEDULED,,
JNDABNE1,JNDSHPS,Jindabyne Small Hydro Power Station,NSW1,1,Hydro,NON-SCHEDULED,,
LK_ECHO,LK_ECHO,Lake Echo Power Station,TAS1,32,Hydro,SCHEDULED,LE111-1,
JOUNAMA1,JOUNAMA,Jounama Small Hydro Power Station,NSW1,14,Hydro,NON-SCHEDULED,,
KAREEYA5,KAREEYA,KAREEYA POWER STATION,QLD1,7,Hydro,NON-SCHEDULED,,
KAREEYA4,KAREEYA,KAREEYA POWER STATION,QLD1,21,Hydro,SCHEDULED,KAREEYA4,
KAREEYA2,KAREEYA,KAREEYA POWER STATION,QLD1,21,Hydro,SCHEDULED,KAREEYA2,
KAREEYA1,KAREEYA,KAREEYA POWER STATION,QLD1,21,Hydro,SCHEDULED,KAREEYA1,
KAREEYA3,KAREEYA,KAREEYA POWER STATION,QLD1,21,Hydro,SCHEDULED,KAREEYA3,
KEEPIT,KEEPIT,Keepit Hydro Power Station,NSW1,6,Hydro,NON-SCHEDULED,,
KINCUM1,KINCUMB,Kincumber Landfill Site,NSW1,1,Landfill biogas methane,NON-SCHEDULED,,
KPP_1,KOGANCK,Kogan Creek Power Station,QLD1,744,Black coal,SCHEDULED,Kogan,
LADBROK2,LADBROKE,Ladbroke Grove Power Station,SA1,40,Natural Gas (Pipeline),SCHEDULED,LADBROK2,
LADBROK1,LADBROKE,Ladbroke Grove Power Station,SA1,40,Natural Gas (Pipeline),SCHEDULED,LADBROK1,
LKBONNY2,LKBONNY_2,Lake Bonney Stage 2 Windfarm,SA1,159,Wind,SEMI-SCHEDULED,LKBONNY2,
LKBONNY3,LKBONNY3,Lake Bonney Stage 3 Wind Farm,SA1,39,Wind,SEMI-SCHEDULED,LKBONNY3,
LKBONNY1,LKBONNY1,Lake Bonney Wind Farm Stage 1,SA1,81,Wind,NON-SCHEDULED,,
MACKNTSH,MACKNTSH,Mackintosh Power Station,TAS1,80,Hydro,SCHEDULED,MA131-1,
LNGS1,LNGS,Laverton North Power Station,VIC1,156,Natural Gas (Pipeline),SCHEDULED,Laverton North1,
LNGS2,LNGS,Laverton North Power Station,VIC1,156,Natural Gas (Pipeline),SCHEDULED,Laverton North2,
MEADOWBK,MEADOWBK,Meadowbank Power Station,TAS1,40,Hydro,SCHEDULED,MB111-1,
LIDDNL1,LIDDELL,Liddell Power Station,NSW1,25,Black coal,NON-SCHEDULED,,
LD04,LIDDELL,Liddell Power Station,NSW1,500,Black coal,SCHEDULED,LD04,
LD03,LIDDELL,Liddell Power Station,NSW1,500,Black coal,SCHEDULED,LD03,
LD01,LIDDELL,Liddell Power Station,NSW1,500,Black coal,SCHEDULED,LD01,
LD02,LIDDELL,Liddell Power Station,NSW1,500,Black coal,SCHEDULED,LD02,
LONGFORD,LONGFORD,LONGFORD PLANT,VIC1,44,Natural Gas (Pipeline),NON-SCHEDULED,,LD04
LONSDALE,LONSDALE,Lonsdale Power Station,SA1,21,Diesel oil,SCHEDULED,POR01-1,Assuming technical parameters for Port Lincoln Power Station are similar to Lonsdale Power Station. Based on fuel type and plant capacity. Both are also likely to operate as peaking plant.
LYA2,LOYYANGA,LOY YANG A POWER STATION,VIC1,530,Brown coal,SCHEDULED,LYA2,
LYA1,LOYYANGA,LOY YANG A POWER STATION,VIC1,560,Brown coal,SCHEDULED,LYA1,
LYA4,LOYYANGA,LOY YANG A POWER STATION,VIC1,560,Brown coal,SCHEDULED,LYA4,
LYNL1,LOYYANGA,LOY YANG A POWER STATION,VIC1,25,Brown coal,NON-SCHEDULED,LYA4,
LYA3,LOYYANGA,LOY YANG A POWER STATION,VIC1,560,Brown coal,SCHEDULED,LYA3,
LOYYB1,LOYYB,LOY YANG B POWER STATION,VIC1,500,Brown coal,SCHEDULED,LOYYB1,
LOYYB2,LOYYB,LOY YANG B POWER STATION,VIC1,500,Brown coal,SCHEDULED,LOYYB2,
LUCAS2S2,LUCAS2S2,Lucas Heights 2 Power Station,NSW1,5,Landfill biogas methane,NON-SCHEDULED,,
LUCASHGT,LUCAS2S2,Lucas Heights 2 Power Station,NSW1,13,Landfill biogas methane,NON-SCHEDULED,,
MACARTH1,MACARTH,Macarthur Wind Farm,VIC1,420,Wind,SEMI-SCHEDULED,Oaklands Hill,Assuming technical parameters for Macarthur Wind Farm are similar to Oaklands Hill Wind Farm
MACKAYGT,MACKAY,MACKAY GAS TURBINE,QLD1,30,Diesel oil,SCHEDULED,MACKAYGT,
MIDLDPS1,MIDLDPS,Midlands Power Station,TAS1,6,,NON-SCHEDULED,,
MUSSELR1,MUSSELRO,Musselroe Wind Farm,TAS1,168,Wind,SEMI-SCHEDULED,Musselroe,
PALOONA,PALOONA,Paloona Power Station,TAS1,28,Hydro,NON-SCHEDULED,,
MPP_2,MILLMERN,Millmerran Power Plant,QLD1,426,Black coal,SCHEDULED,MPP_2,
MPP_1,MILLMERN,Millmerran Power Plant,QLD1,426,Black coal,SCHEDULED,MPP_1,
MINTNL1,MINTARO,Mintaro Gas Turbine Station,SA1,25,Natural Gas (Pipeline),NON-SCHEDULED,MINTARO,
MINTARO,MINTARO,Mintaro Gas Turbine Station,SA1,90,Natural Gas (Pipeline),SCHEDULED,MINTARO,
MORANBAH,MORANBAH,Moranbah Generation Project,QLD1,13,Coal seam methane,NON-SCHEDULED,,
MBAHNTH,MBAHNTH,Moranbah North Waste Coal Mine Gas Power Station,QLD1,63,Coal mine waste gas,NON-SCHEDULED,,
MOREESF1,MOREESF,MOREE SOLAR FARM,NSW1,57,Solar,SEMI-SCHEDULED,,
MORNW,MORNW,Mornington Waste Disposal Facility,VIC1,1,Landfill biogas methane,NON-SCHEDULED,,
MORTLK12,MORTLK,Mortlake Power Station,VIC1,283,Natural Gas (Pipeline),SCHEDULED,Mortlake12,
MORTLK11,MORTLK,Mortlake Power Station,VIC1,283,Natural Gas (Pipeline),SCHEDULED,Mortlake11,
MLWF1,MLWF,Mortons Lane Wind Farm,VIC1,20,Wind,NON-SCHEDULED,,
MERCER01,MTMERCER,Mt Mercer Wind Farm,VIC1,131,Wind,SEMI-SCHEDULED,Oaklands Hill,Assuming technical parameters for Mt Mercer Wind Farm are similar to Oaklands Hill Wind Farm
MTMILLAR,MTMILLAR,Mt Millar Wind Farm,SA1,70,Wind,NON-SCHEDULED,,
MP2,MP,MT PIPER POWER STATION,NSW1,700,Black coal,SCHEDULED,MP2,
MP1,MP,MT PIPER POWER STATION,NSW1,700,Black coal,SCHEDULED,MP1,
MPNL1,MP,MT PIPER POWER STATION,NSW1,25,Black coal,NON-SCHEDULED,,
MSTUART1,MSTUART,Mt Stuart Power Station,QLD1,144,Kerosene - non aviation,SCHEDULED,MSTUART1,
MSTUART2,MSTUART,Mt Stuart Power Station,QLD1,144,Kerosene - non aviation,SCHEDULED,MSTUART2,
MSTUART3,MSTUART,Mt Stuart Power Station,QLD1,131,Kerosene - non aviation,SCHEDULED,MSTUART3,
MLSP1,MLSP,Mugga Lane Solar Park,NSW1,12,Solar,NON-SCHEDULED,,
MURRAY,MURRAY,Murray Power Station,VIC1,1500,Hydro,SCHEDULED,MURRAY01,
MURAYNL1,MURRAY,Murray Power Station,VIC1,25,Hydro,NON-SCHEDULED,,
MURAYNL2,MURRAY,Murray Power Station,VIC1,25,Hydro,NON-SCHEDULED,,
MURAYNL3,MURRAY,Murray Power Station,VIC1,25,Hydro,NON-SCHEDULED,,
MURR1-9,MURRAY1,MURRAY1,VIC1,95,,NON-SCHEDULED,,
MURR1-6,MURRAY1,MURRAY1,VIC1,95,,NON-SCHEDULED,,
MURR1-7,MURRAY1,MURRAY1,VIC1,95,,NON-SCHEDULED,,
MURR1-8,MURRAY1,MURRAY1,VIC1,95,,NON-SCHEDULED,,
MURR1-5,MURRAY1,MURRAY1,VIC1,95,,NON-SCHEDULED,,
MURR1-2,MURRAY1,MURRAY1,VIC1,95,,NON-SCHEDULED,,
MURR1-3,MURRAY1,MURRAY1,VIC1,95,,NON-SCHEDULED,,
MURR1-4,MURRAY1,MURRAY1,VIC1,95,,NON-SCHEDULED,,
MURR1-1,MURRAY1,MURRAY1,VIC1,95,,NON-SCHEDULED,,
MURR1-10,MURRAY1,MURRAY1,VIC1,95,,NON-SCHEDULED,,
MURR2-1,MURRAY2,MURRAY2,VIC1,137.5,,NON-SCHEDULED,,
MURR2-2,MURRAY2,MURRAY2,VIC1,137.5,,NON-SCHEDULED,,
MURR2-3,MURRAY2,MURRAY2,VIC1,137.5,,NON-SCHEDULED,,
MURR2-4,MURRAY2,MURRAY2,VIC1,137.5,,NON-SCHEDULED,,
PO110NL1,PTINA110,Poatina Power Station,TAS1,25,Hydro,NON-SCHEDULED,PO161-1,
NPS,NEWPORT,NEWPORT POWER STATION,VIC1,500,Natural Gas (Pipeline),SCHEDULED,NPS,
NINEWIL1,NINEWIL,Nine Network Willoughby Plant,NSW1,3,Diesel oil,NON-SCHEDULED,,
NBHWF1,NBHWF,North Brown Hill Wind Farm,SA1,132,Wind,SEMI-SCHEDULED,North Brown Hill,
DG_NSW1,DG_NSW1,NSW1 Dummy Generator,NSW1,3000,,SCHEDULED,,
NYNGAN1,NYNGAN,Nyngan Solar Plant,NSW1,102,Solar,SEMI-SCHEDULED,,
OAKEY1,OAKEY,OAKEY POWER STATION,QLD1,141,Natural Gas (Pipeline),SCHEDULED,OAKEY1,
OAKEY2,OAKEY,OAKEY POWER STATION,QLD1,141,Natural Gas (Pipeline),SCHEDULED,OAKEY2,
OAKLAND1,OAKLAND,Oaklands Hill Wind Farm,VIC1,67,Wind,SEMI-SCHEDULED,Oaklands Hill,
OAKY2,OAKY2,Oaky Creek 2,QLD1,15,Coal mine waste gas,NON-SCHEDULED,,
OAKYCREK,OCPS,Oaky Creek Power Station,QLD1,20,Natural Gas (Pipeline),NON-SCHEDULED,,
OSB-AG,OSBORNE,OSBORNE POWER STATION,SA1,180,Natural Gas (Pipeline),SCHEDULED,OsborneGT,
POAT110,PTINA110,Poatina Power Station,TAS1,100,Hydro,SCHEDULED,PO161-1,
PEDLER1,PEDLER,Pedler Creek Landfill Gas Power Station Units 1-3,SA1,3,,NON-SCHEDULED,,
PPCCGT,NPPPPS,Pelican Point Power Station,SA1,478,Natural Gas (Pipeline),SCHEDULED,PPCCGTGT1,
PINDARI,PINDARI,Pindari Hydro Power Station,NSW1,6,Hydro,NON-SCHEDULED,,
PIONEER,PIONEER,Pioneer Sugar Mill,QLD1,68,,NON-SCHEDULED,,
POAT220,PTINA220,Poatina Power Station,TAS1,200,Hydro,SCHEDULED,PO162-2,
REECE1,REECE,Reece Power Station,TAS1,116,Hydro,SCHEDULED,RC131-1,
REECE2,REECE,Reece Power Station,TAS1,116,Hydro,SCHEDULED,RC132-2,
POR03,PORTLCN,Port Lincoln Gas Turbine,SA1,23,Diesel oil,SCHEDULED,POR01-3,
POR01,PORTLCN,Port Lincoln Gas Turbine,SA1,50,Diesel oil,SCHEDULED,POR01-1,
APD01,PORTLAND,PORTLAND,VIC1,450,,NON-SCHEDULED,,
PORTWF,PORTWF,Portland Wind Farm,VIC1,148,,NON-SCHEDULED,,
PTSTAN1,STANVAC,Pt Stanvac Power Station,SA1,58,Diesel oil,SCHEDULED,POR01-1,Assuming technical parameters for Port Lincoln Power Station are similar to Pt Stanvac Power Station. Based on fuel type and plant capacity. Both are also likely to operate as peaking plant.
DG_QLD1,DG_QLD1,QLD1 Dummy Generator,QLD1,3000,,SCHEDULED,,
QPS1,QUARANTN,Quarantine Power Station,SA1,24,Natural Gas (Pipeline),SCHEDULED,QPS1,
QPS3,QUARANTN,Quarantine Power Station,SA1,24,Natural Gas (Pipeline),SCHEDULED,QPS2,
QPS2,QUARANTN,Quarantine Power Station,SA1,24,Natural Gas (Pipeline),SCHEDULED,QPS3,
QPS5,QUARANTN,Quarantine Power Station,SA1,128,Natural Gas (Pipeline),SCHEDULED,QPS5,
QPS4,QUARANTN,Quarantine Power Station,SA1,24,Natural Gas (Pipeline),SCHEDULED,QPS4,
RACOMIL1,RACOMIL,Racecourse Mill Power Station,QLD1,48,,NON-SCHEDULED,,
REMOUNT,REMOUNT,Remount Power Station,TAS1,2,Landfill biogas methane,NON-SCHEDULED,,
REPULSE,REPULSE,Repulse Power Station,TAS1,28,Hydro,NON-SCHEDULED,,
ROWALLAN,ROWALLAN,Rowallan Power Station,TAS1,11,Hydro,NON-SCHEDULED,,
RT_TAS1,RT_TAS1,RESERVE TRADER TAS1,TAS1,3000,,SCHEDULED,,
RT_NSW1,RT_NSW1,RESERVE TRADER NSW1,NSW1,3000,,SCHEDULED,,
RT_QLD1,RT_QLD1,RESERVE TRADER QLD1,QLD1,3000,,SCHEDULED,,
RT_SA6,RT_SA1,RESERVE TRADER SA1,SA1,3000,,SCHEDULED,,
RT_SA5,RT_SA1,RESERVE TRADER SA1,SA1,3000,,SCHEDULED,,
RT_SA4,RT_SA1,RESERVE TRADER SA1,SA1,3000,,SCHEDULED,,
RT_SA3,RT_SA1,RESERVE TRADER SA1,SA1,3000,,SCHEDULED,,
RT_SA2,RT_SA1,RESERVE TRADER SA1,SA1,3000,,SCHEDULED,,
RT_SA1,RT_SA1,RESERVE TRADER SA1,SA1,3000,,SCHEDULED,,
TARRALEA,TARRALEA,Tarraleah Power Station,TAS1,90,Hydro,SCHEDULED,TA111-1,
RT_VIC10,RT_VIC1,RESERVE TRADER VIC1,VIC1,3000,,SCHEDULED,,
RT_VIC1,RT_VIC1,RESERVE TRADER VIC1,VIC1,3000,,SCHEDULED,,
RT_VIC11,RT_VIC1,RESERVE TRADER VIC1,VIC1,3000,,SCHEDULED,,
RT_VIC12,RT_VIC1,RESERVE TRADER VIC1,VIC1,3000,,SCHEDULED,,
RT_VIC4,RT_VIC1,RESERVE TRADER VIC1,VIC1,3000,,SCHEDULED,,
RT_VIC3,RT_VIC1,RESERVE TRADER VIC1,VIC1,3000,,SCHEDULED,,
RT_VIC2,RT_VIC1,RESERVE TRADER VIC1,VIC1,3000,,SCHEDULED,,
RT_VIC5,RT_VIC1,RESERVE TRADER VIC1,VIC1,3000,,SCHEDULED,,
RT_VIC8,RT_VIC1,RESERVE TRADER VIC1,VIC1,3000,,SCHEDULED,,
RT_VIC9,RT_VIC1,RESERVE TRADER VIC1,VIC1,3000,,SCHEDULED,,
RT_VIC7,RT_VIC1,RESERVE TRADER VIC1,VIC1,3000,,SCHEDULED,,
RT_VIC6,RT_VIC1,RESERVE TRADER VIC1,VIC1,3000,,SCHEDULED,,
ROCHEDAL,ROCHEDAL,Rochedale Renewable Energy Facility,QLD1,4,Landfill biogas methane,NON-SCHEDULED,,
RPCG,RPCG,Rocky Point Cogeneration Plant,QLD1,30,Biomass and industrial materials,NON-SCHEDULED,,
EDLRGNRD,EDLRGNRD,Roghan Road LFG Power Plant,QLD1,2,Landfill biogas methane,NON-SCHEDULED,,
ROMA_7,ROMA,Roma Gas Turbine Station,QLD1,40,Natural Gas (Pipeline),SCHEDULED,ROMA_7,
ROMA_8,ROMA,Roma Gas Turbine Station,QLD1,40,Natural Gas (Pipeline),SCHEDULED,ROMA_8,
TREVALLN,TREVALLN,Trevallyn Power Station,TAS1,93,Hydro,SCHEDULED,TR111-1,
ROYALLA1,ROYALLA,Royalla Solar Farm,NSW1,20,Solar,NON-SCHEDULED,,
RUBICON,RUBICON,Rubicon Mountain Streams Station,VIC1,13.55,,NON-SCHEDULED,,
BOLIVAR1,BOLIVAR,SA Water Bolivar Waste Water Treatment (WWT) Plant,SA1,10,Other Biofuels,NON-SCHEDULED,,
DG_SA1,DG_SA1,SA1 Dummy Generator,SA1,3000,,SCHEDULED,,
VALDORA1,VALDORA,SCSF,QLD1,15,Solar,NON-SCHEDULED,,
SHEP1,SHEP1,Shepparton Wastewater Treatment Facility,VIC1,1,Biomass and industrial materials,NON-SCHEDULED,,
SHGEN,SHOALHAV,Shoalhaven Power Station (Bendeela And Kangaroo Valley Power Station And Pumps),NSW1,240,Hydro,SCHEDULED,SHGEN01,
SHPUMP,SHOALHAV,Shoalhaven Power Station (Bendeela And Kangaroo Valley Power Station And Pumps),NSW1,240,,SCHEDULED,,
SITHE01,SITHE,SMITHFIELD ENERGY FACILITY,NSW1,160,Natural Gas (Pipeline),SCHEDULED,SITHE01,
SNOWSTH1,SNOWSTH,Snowtown South Wind Farm,SA1,126,Wind,SEMI-SCHEDULED,Snowtown 2 South,
SNOWNTH1,SNOWNTH,Snowtown Wind Farm Stage 2 North,SA1,144,Wind,SEMI-SCHEDULED,Snowtown 2 North,
SNOWTWN1,SNOWTOWN,Snowtown Wind Farm Units 1 And 47,SA1,99,Wind,SEMI-SCHEDULED,Snowtown 2 North,Assuming Snowtown Wind Farm Units 1 and 47 have similar technical characteristics to Snowtown Wind Farm Stage 2 North
SNUGNL1,SNUG,SNUGGERY POWER STATION,SA1,25,Diesel oil,NON-SCHEDULED,,
SNUG3,SNUG,SNUGGERY POWER STATION,SA1,21,,NON-SCHEDULED,,
SNUG2,SNUG,SNUGGERY POWER STATION,SA1,21,,NON-SCHEDULED,,
SNUG1,SNUG,SNUGGERY POWER STATION,SA1,63,Diesel oil,SCHEDULED,SNUG1,
AGLSOM,AGLSOM,Somerton Power Station,VIC1,170,Natural Gas (Pipeline),SCHEDULED,AGLSOM01,
HLMSEW01,HLMSEW01,South East Water - Halllam Hydro Plant,VIC1,1,Hydro,NON-SCHEDULED,,
STHBKTEC,STHBKTEC,Southbank Institute Of Technology Unit 1 Plant,QLD1,1,Diesel oil,NON-SCHEDULED,,
SVALE1,SVALE,Springvale Landfill Gas Power Station,VIC1,5,Landfill biogas methane,NON-SCHEDULED,,
STGEORG1,STGEORGE,St George Leagues Plant,NSW1,1,Diesel oil,NON-SCHEDULED,,
STANNL1,STANWELL,STANWELL POWER STATION,QLD1,25,Black coal,NON-SCHEDULED,,
STAN-1,STANWELL,STANWELL POWER STATION,QLD1,365,Black coal,SCHEDULED,STAN-1,
STAN-2,STANWELL,STANWELL POWER STATION,QLD1,365,Black coal,SCHEDULED,STAN-2,
STAN-3,STANWELL,STANWELL POWER STATION,QLD1,365,Black coal,SCHEDULED,STAN-3,
STAN-4,STANWELL,STANWELL POWER STATION,QLD1,365,Black coal,SCHEDULED,STAN-4,
STARHLWF,STARFHILL,Starfish Hill Wind Farm,SA1,35,Wind,NON-SCHEDULED,,
AS_NSW1,AS_NSW1,Station ID - Dummy (NSCAS),NSW1,1,,NON-SCHEDULED,,
SWAN_E,SWANBANK,Swanbank B Power Station & Swanbank E Gas Turbine,QLD1,385,Natural Gas (Pipeline),SCHEDULED,SWAN_E,
TAHMOOR1,TAHMOOR,Tahmoor Waste Coal Mine Gas Power Station,NSW1,7,Coal mine waste gas,NON-SCHEDULED,,
TALWA1,TALLAWAR,Tallawarra Power Station,NSW1,440,Natural Gas (Pipeline),SCHEDULED,Tallawarra,
TRIBNL1,TRIBUTE,Tribute Power Station,TAS1,25,Hydro,NON-SCHEDULED,TT131-1,
TARALGA1,TARALGA,Taralga Wind Farm,NSW1,106,Wind,SEMI-SCHEDULED,Taralga,
TNPS1,TARONGN,Tarong North Power Station,QLD1,443,Black coal,SCHEDULED,TNPS1,
TARNL1,TARONG,TARONG POWER STATION,QLD1,25,Black coal,NON-SCHEDULED,,
TARONG#1,TARONG,TARONG POWER STATION,QLD1,350,Black coal,SCHEDULED,TARONG1,
TARONG#4,TARONG,TARONG POWER STATION,QLD1,350,Black coal,SCHEDULED,TARONG4,
TARONG#2,TARONG,TARONG POWER STATION,QLD1,350,Black coal,SCHEDULED,TARONG2,
TARONG#3,TARONG,TARONG POWER STATION,QLD1,350,Black coal,SCHEDULED,TARONG3,
TRIBUTE,TRIBUTE,Tribute Power Station,TAS1,83,Hydro,SCHEDULED,TT131-1,
TUNGATIN,TUNGATIN,Tungatinah Power Station,TAS1,125,Hydro,SCHEDULED,TU111-1,
TATIARA1,TATIARA,Tataria Bordertown Plant,SA1,1,Diesel oil,NON-SCHEDULED,,
TATURA01,TATURA,Tatura Biomass Generator,VIC1,1,Biomass and industrial materials,NON-SCHEDULED,,
TERALBA,TERALBA,TERALBA POWER STATION,NSW1,3,Landfill biogas methane,NON-SCHEDULED,,
TERMSTOR,TERMSTOR,Terminal Storage Mini Hydro Power Station,SA1,2,,NON-SCHEDULED,,
BLUFF1,BLUFF,The Bluff Wind Farm,SA1,53,Wind,SEMI-SCHEDULED,Hallett 5 The Bluff,
THEDROP1,THEDROP,The Drop Power Station,NSW1,3,Hydro,NON-SCHEDULED,,
TOORAWF,TOORAWF,TOORA WIND FARM,VIC1,21,Wind,NON-SCHEDULED,,
TORRB4,TORRIS,TORRENS ISLAND POWER STATION,SA1,200,Natural Gas (Pipeline),SCHEDULED,TORRB4,
TORRB3,TORRIS,TORRENS ISLAND POWER STATION,SA1,200,Natural Gas (Pipeline),SCHEDULED,TORRB3,
TORRB2,TORRIS,TORRENS ISLAND POWER STATION,SA1,200,Natural Gas (Pipeline),SCHEDULED,TORRB2,
TORNL1,TORRIS,TORRENS ISLAND POWER STATION,SA1,100,Natural Gas (Pipeline),NON-SCHEDULED,,
TORRA2,TORRIS,TORRENS ISLAND POWER STATION,SA1,120,Natural Gas (Pipeline),SCHEDULED,TORRA2,
TORRA1,TORRIS,TORRENS ISLAND POWER STATION,SA1,120,Natural Gas (Pipeline),SCHEDULED,TORRA1,
TORRB1,TORRIS,TORRENS ISLAND POWER STATION,SA1,200,Natural Gas (Pipeline),SCHEDULED,TORRB1,
TORRA3,TORRIS,TORRENS ISLAND POWER STATION,SA1,120,Natural Gas (Pipeline),SCHEDULED,TORRA3,
TORRA4,TORRIS,TORRENS ISLAND POWER STATION,SA1,120,Natural Gas (Pipeline),SCHEDULED,TORRA4,
TOWER,TOWER,Tower Power Plant,NSW1,41,Coal seam methane,NON-SCHEDULED,,
YABULU2,YABULU,Townsville Gas Turbine,QLD1,82,Natural Gas (Pipeline),SCHEDULED,TOWNSV2,
YABULU,YABULU,Townsville Gas Turbine,QLD1,160,Natural Gas (Pipeline),SCHEDULED,TOWNSV1,
TGNSS1,TGNSS,Traralgon Network Support Station,VIC1,10,Natural Gas (Pipeline),NON-SCHEDULED,,
TVCC201,TVCCPS,Tamar Valley Combined Cycle Power Station,TAS1,208,Natural Gas (Pipeline),SCHEDULED,Tamar CCGT,
TVPP104,BBP31,Bell Bay Three Power Station,TAS1,58,Natural Gas (Pipeline),SCHEDULED,Tamar OCGT,
WOOLNTH1,WOOLNTH1,Woolnorth Studland Bay / Bluff Point Wind Farm,TAS1,65,Wind,NON-SCHEDULED,Musselroe,Assuming Woolnorth Studland Bay / Bluff Point Wind Farm and Musselroe Wind Farm have similar technical parameters
TUMUT3,SNOWY1,Tumut 3 Power Station,NSW1,1500,Hydro,SCHEDULED,TUMUT3_01,
TUMT3NL3,SNOWY1,Tumut 3 Power Station,NSW1,25,Hydro,NON-SCHEDULED,,
TUMT3NL2,SNOWY1,Tumut 3 Power Station,NSW1,25,Hydro,NON-SCHEDULED,,
TUMT3NL1,SNOWY1,Tumut 3 Power Station,NSW1,25,Hydro,NON-SCHEDULED,,
SNOWYP,SNOWY,Tumut 3 Pumps,NSW1,600,,SCHEDULED,,
UPPTUMUT,SNOWY2,Tumut Power Station,NSW1,616,Hydro,SCHEDULED,TUMUT1_01,
TUMUT1-4,TUMUT1,TUMUT1,NSW1,82.4,,NON-SCHEDULED,,
TUMUT1-1,TUMUT1,TUMUT1,NSW1,82.4,,NON-SCHEDULED,,
TUMUT1-3,TUMUT1,TUMUT1,NSW1,82.4,,NON-SCHEDULED,,
TUMUT1-2,TUMUT1,TUMUT1,NSW1,82.4,,NON-SCHEDULED,,
TUMUT2-4,TUMUT2,TUMUT2,NSW1,71.6,,NON-SCHEDULED,,
TUMUT2-1,TUMUT2,TUMUT2,NSW1,71.6,,NON-SCHEDULED,,
TUMUT2-3,TUMUT2,TUMUT2,NSW1,71.6,,NON-SCHEDULED,,
TUMUT2-2,TUMUT2,TUMUT2,NSW1,71.6,,NON-SCHEDULED,,
TUMUT3-4,TUMUT3,TUMUT3,NSW1,250,,NON-SCHEDULED,,
TUMUT3-5,TUMUT3,TUMUT3,NSW1,250,,NON-SCHEDULED,,
TUMUT3-2,TUMUT3,TUMUT3,NSW1,250,,NON-SCHEDULED,,
TUMUT3-3,TUMUT3,TUMUT3,NSW1,250,,NON-SCHEDULED,,
TUMUT3-6,TUMUT3,TUMUT3,NSW1,250,,NON-SCHEDULED,,
TUMUT3-1,TUMUT3,TUMUT3,NSW1,250,,NON-SCHEDULED,,
WYA252B1,LI_WY_CA,Catagunya / Liapootah / Wayatinah Power Station,TAS1,25,Hydro,NON-SCHEDULED,WY111-1,
URANQ12,URANQ,Uranquinty Power Station,NSW1,166,Natural Gas (Pipeline),SCHEDULED,Uranquinty2,
URANQ14,URANQ,Uranquinty Power Station,NSW1,166,Natural Gas (Pipeline),SCHEDULED,Uranquinty4,
URANQ11,URANQ,Uranquinty Power Station,NSW1,166,Natural Gas (Pipeline),SCHEDULED,Uranquinty1,
URANQ13,URANQ,Uranquinty Power Station,NSW1,166,Natural Gas (Pipeline),SCHEDULED,Uranquinty3,
VP5,VP,"Vales Point ""B"" Power Station",NSW1,660,Black coal,SCHEDULED,VP5,
VPNL1,VP,"Vales Point ""B"" Power Station",NSW1,25,Black coal,NON-SCHEDULED,,
VP6,VP,"Vales Point ""B"" Power Station",NSW1,660,Black coal,SCHEDULED,VP6,
VPGS3,VPGS,Valley Power Peaking Facility,VIC1,50,Natural Gas (Pipeline),SCHEDULED,VPGS3,
VPGS4,VPGS,Valley Power Peaking Facility,VIC1,50,Natural Gas (Pipeline),SCHEDULED,VPGS4,
VPGS2,VPGS,Valley Power Peaking Facility,VIC1,50,Natural Gas (Pipeline),SCHEDULED,VPGS2,
VPGS1,VPGS,Valley Power Peaking Facility,VIC1,50,Natural Gas (Pipeline),SCHEDULED,VPGS1,
VPGS5,VPGS,Valley Power Peaking Facility,VIC1,50,Natural Gas (Pipeline),SCHEDULED,VPGS5,
VPGS6,VPGS,Valley Power Peaking Facility,VIC1,50,Natural Gas (Pipeline),SCHEDULED,VPGS6,
TITREE,TITREE,Veolia Ti Tree Bio Reactor,QLD1,2,Landfill biogas methane,NON-SCHEDULED,,
DG_VIC1,DG_VIC1,VIC1 Dummy Generator,VIC1,3000,,SCHEDULED,,
VICMILL1,VICMILL,Victoria Mill,QLD1,24,,NON-SCHEDULED,,
WATERLWF,WATERLWF,Waterloo Wind Farm,SA1,130,Wind,SEMI-SCHEDULED,Snowtown 2 North,Assuming Waterloo Wind Farm has similar technical characteristics to Snowtown Wind Farm Stage 2 North
WPWF,WPWF,Wattle Point Wind Farm,SA1,91,Wind,NON-SCHEDULED,,
WAUBRAWF,WAUBRAWF,WAUBRA WIND FARM,VIC1,192,Wind,NON-SCHEDULED,,
WESTILL1,WESTILLA,West Illawarra Leagues Club Plant,NSW1,1,Diesel oil,NON-SCHEDULED,,
WKIEWA1,WKIEWA,WEST KIEWA POWER STATION,VIC1,31,Hydro,SCHEDULED,KWAGG1,
WKIEWA2,WKIEWA,WEST KIEWA POWER STATION,VIC1,31,Hydro,SCHEDULED,KWAGG2,
AGLNOW1,AGLNOW1,West Nowra Landfill Gas Power Generation Facility,NSW1,1,Landfill biogas methane,NON-SCHEDULED,,
WESTCBT1,WESTCBT,Western Suburbs League Club (Campbelltown) Plant,NSW1,1,Diesel oil,NON-SCHEDULED,,
WRWF1,WRWF1,White Rock Wind Farm,NSW1,175,Wind,SEMI-SCHEDULED,Woodlawn,Assuming White Rock Wind Farm and Woodlawn Wind Farm have similar technical parameters
WHIT1,WHIT1,Whitwood Road Renewable Energy Facility,QLD1,1,Landfill biogas methane,NON-SCHEDULED,,
WILGB01,WILGAPKB,Wilga Park B,NSW1,6,Coal seam methane,NON-SCHEDULED,,
WILGAPK,WILGAPK,Wilga Park Power Station,NSW1,10,Coal seam methane,NON-SCHEDULED,,
WILLHOV1,WILLHOV,William Hovell Power Station,VIC1,2,Hydro,NON-SCHEDULED,,
WHILL1,WINDHILL,Windy Hill Wind Farm,QLD1,12,Wind,NON-SCHEDULED,,
WINGF1_1,WINGF1,Wingfield 1 Landfill Gas Power Station,SA1,5,Landfill biogas methane,NON-SCHEDULED,,
WINGF2_1,WINGF2,Wingfield 2 Landfill Gas Power Station,SA1,5,Landfill biogas methane,NON-SCHEDULED,,
PUMP2,WIVENHOE,WIVENHOE POWER STATION,QLD1,240,Hydro,SCHEDULED,,
W/HOE#1,WIVENHOE,WIVENHOE POWER STATION,QLD1,250,Hydro,SCHEDULED,W/HOE1,
PUMP1,WIVENHOE,WIVENHOE POWER STATION,QLD1,240,Hydro,SCHEDULED,,
W/HOE#2,WIVENHOE,WIVENHOE POWER STATION,QLD1,250,Hydro,SCHEDULED,W/HOE2,
WIVENSH,WIVENSH,WIVENHOE SMALL HYDRO,QLD1,5,Hydro,NON-SCHEDULED,,
WOLLERT1,WOLLERT,Wollert Renewable Energy Facility,VIC1,7,Landfill biogas methane,NON-SCHEDULED,,
WONWP,WONWP,Wonthaggi Wind Farm,VIC1,12,Wind,NON-SCHEDULED,,
WDLNGN01,WDLNGN,Woodlawn Bioreactor Energy Generation Station,NSW1,7,Landfill biogas methane,NON-SCHEDULED,,
WOODLWN1,WOODLWN,Woodlawn Wind Farm,NSW1,48,Wind,SEMI-SCHEDULED,Woodlawn,
WYB252B1,LI_WY_CA,Catagunya / Liapootah / Wayatinah Power Station,TAS1,25,Hydro,NON-SCHEDULED,WY111-1,
WOYWOY1,WOYWOY,Woy Woy Landfill Site,NSW1,1,Landfill biogas methane,NON-SCHEDULED,,
WYANGALA,WYANGALA,Wyangala A Power Station,NSW1,20,Hydro,NON-SCHEDULED,,
WYANGALB,WYANGALB,Wyangala B Power Station,NSW1,4,Hydro,NON-SCHEDULED,,
WYNDW,WYNDW,Wyndham Waste Disposal Facility,VIC1,1,Landfill biogas methane,NON-SCHEDULED,,
YWPS4,YALLOURN,YALLOURN 'W' POWER STATION,VIC1,380,Brown coal,SCHEDULED,YWPS4,
YWPS1,YALLOURN,YALLOURN 'W' POWER STATION,VIC1,360,Brown coal,SCHEDULED,YWPS1,
YWPS2,YALLOURN,YALLOURN 'W' POWER STATION,VIC1,360,Brown coal,SCHEDULED,YWPS2,
YWPS3,YALLOURN,YALLOURN 'W' POWER STATION,VIC1,380,Brown coal,SCHEDULED,YWPS3,
YWNL1,YALLOURN,YALLOURN 'W' POWER STATION,VIC1,25,Brown coal,NON-SCHEDULED,,
YAMBUKWF,YAMBUK,YAMBUK WIND FARM,VIC1,30,Wind,NON-SCHEDULED,,
YWNGAHYD,YWNGAHYD,Yarrawonga Hydro Power Station,VIC1,9,Hydro,NON-SCHEDULED,,
YARWUN_1,YARWUN,Yarwun Power Station,QLD1,154,Natural Gas (Pipeline),SCHEDULED,Yarwun CoGen,
