DUID,STATIONID,STATIONNAME,REGIONID,REGISTEREDCAPACITY,CO2E_ENERGY_SOURCE,SCHEDULE_TYPE,GA_POWER_STATION_PLACEMARK_ID,GA_STATION_NAME,COMMENT
AGLHAL,AGLHAL,Hallett Power Station,SA1,180,Natural Gas (Pipeline),SCHEDULED,kml_55,Hallett,
AGLNOW1,AGLNOW1,West Nowra Landfill Gas Power Generation Facility,NSW1,1,Landfill biogas methane,NON-SCHEDULED,kml_102,West Nowra (Shoalhaven),
AGLSITA1,AGLSITA,AGL KEMPS CREEK,NSW1,1,Landfill biogas methane,NON-SCHEDULED,,,
AGLSOM,AGLSOM,Somerton Power Station,VIC1,170,Natural Gas (Pipeline),SCHEDULED,kml_150,Somerton,
ANGAST1,ANGASTON,ANGASTON POWER STATION,SA1,50,Diesel oil,SCHEDULED,kml_50,Angaston,
APD01,PORTLAND,PORTLAND,VIC1,450,,NON-SCHEDULED,kml_159,Cape Nelson South Wind Farm,This is likely to be an aluminium smelter in Portland
APPIN,APPIN,Appin Power Plant,NSW1,55,Coal seam methane,NON-SCHEDULED,kml_266,Appin (Mine),
ARWF1,ARWF,Ararat Wind Farm,VIC1,241,Wind,SEMI-SCHEDULED,kml_22,Challicum Hills Wind Farm,Challicum Hills Wind Farm is close to Ararat Wind Farm
AS_NSW1,AS_NSW1,Station ID - Dummy (NSCAS),NSW1,1,,NON-SCHEDULED,,,
AWABAREF,AWABAREF,Awaba Power Station,NSW1,1,Landfill biogas methane,NON-SCHEDULED,kml_118,Awaba,
BALDHWF1,BHWF,Bald Hills Wind Farm,VIC1,106,Wind,SEMI-SCHEDULED,kml_82,Wonthaggi Wind Farm,Bald Hills Wind Farm is close to Wonthaggi Wind Farm
BANKSPT1,BANKSPT,Bankstown Sports Club Plant Units,NSW1,2,Diesel oil,NON-SCHEDULED,kml_399,Bankstown Sports Club,
BAPS,BAPS,Banimboola Power Station,VIC1,13,Hydro,NON-SCHEDULED,kml_25,Banimboola,
BARCALDN,BARCALDN,Barcaldine Power Station,QLD1,37,Natural Gas (Pipeline),SCHEDULED,kml_87,Barcaldine (Len Wishaw),
BARCSF1,BARCSF,Barcaldine Solar Farm,QLD1,20,Solar,NON-SCHEDULED,kml_87,Barcaldine (Len Wishaw),Assuming Barcaldine Solar Farm is close to Barcaldine Power Station
BARRON-1,BARRON,Barron Gorge Power Station,QLD1,30,Hydro,SCHEDULED,kml_185,Barron Gorge,
BARRON-2,BARRON,Barron Gorge Power Station,QLD1,30,Hydro,SCHEDULED,kml_185,Barron Gorge,
BASTYAN,BASTYAN,Bastyan Power Station,TAS1,80,Hydro,SCHEDULED,kml_5,Bastyan,
BBASEHOS,BBASEHOS,Ballarat Base Hospital Plant,VIC1,3,Natural Gas (Pipeline),NON-SCHEDULED,kml_161,Ballarat Base Hospital,
BBTHREE1,BBP31,Bell Bay Three Power Station,TAS1,35,Natural Gas (Pipeline),SCHEDULED,kml_12,Bell Bay (Bell Bay Three),
BBTHREE2,BBP31,Bell Bay Three Power Station,TAS1,35,Natural Gas (Pipeline),SCHEDULED,kml_12,Bell Bay (Bell Bay Three),
BBTHREE3,BBP31,Bell Bay Three Power Station,TAS1,35,Natural Gas (Pipeline),SCHEDULED,kml_12,Bell Bay (Bell Bay Three),
BDL01,DEIBDL,Bairnsdale Power Station,VIC1,47,Natural Gas (Pipeline),SCHEDULED,kml_39,Bairnsdale,
BDL02,DEIBDL,Bairnsdale Power Station,VIC1,47,Natural Gas (Pipeline),SCHEDULED,kml_39,Bairnsdale,
BDONGHYD,BDONGHYD,Burrendong Hydro Power Station,NSW1,19,Hydro,NON-SCHEDULED,kml_302,Burrendong,
BERWICK,BERWICK,Berwick Power Plant,VIC1,7,,NON-SCHEDULED,kml_142,Berwick,
BLNKTAS,BASSLINK,Basslink HVDC Link,TAS1,478,,NON-SCHEDULED,,,
BLNKVIC,BASSLINK,Basslink HVDC Link,VIC1,594,,NON-SCHEDULED,,,
BLOWERNG,SNOWY6,Blowering Power Station,NSW1,80,Hydro,SCHEDULED,kml_269,Blowering,
BLUFF1,BLUFF,The Bluff Wind Farm,SA1,53,Wind,SEMI-SCHEDULED,kml_452,Hallet 5 - The Bluff,
BLULAKE1,BLULAKE,Blue Lake Milling Power Plant,SA1,1,Diesel oil,NON-SCHEDULED,kml_377,Blue Lake Milling Power Plant,
BOCORWF1,BOCOROCK,Boco Rock Wind Farm,NSW1,113,Wind,SEMI-SCHEDULED,kml_395,Boco Rock,
BOLIVAR1,BOLIVAR,SA Water Bolivar Waste Water Treatment (WWT) Plant,SA1,10,Other Biofuels,NON-SCHEDULED,,,
BPLANDF1,BPLANDF,Browns Plains Landfill Gas PS,QLD1,2,Landfill biogas methane,NON-SCHEDULED,kml_140,Browns Plains,
BRAEMAR1,BRAEMARA,Braemar Power Station,QLD1,168,Coal seam methane,SCHEDULED,kml_186,Braemar 1,
BRAEMAR2,BRAEMARA,Braemar Power Station,QLD1,168,Coal seam methane,SCHEDULED,kml_186,Braemar 1,
BRAEMAR3,BRAEMARA,Braemar Power Station,QLD1,168,Coal seam methane,SCHEDULED,kml_186,Braemar 1,
BRAEMAR5,B2PS,BRAEMAR 2 POWER STATION,QLD1,173,Coal seam methane,SCHEDULED,kml_187,Braemar 2,
BRAEMAR6,B2PS,BRAEMAR 2 POWER STATION,QLD1,173,Coal seam methane,SCHEDULED,kml_187,Braemar 2,
BRAEMAR7,B2PS,BRAEMAR 2 POWER STATION,QLD1,173,Coal seam methane,SCHEDULED,kml_187,Braemar 2,
BROADMDW,BROADMDW,Broadmeadows Landfill Gas Power Station,VIC1,5,Landfill biogas methane,NON-SCHEDULED,kml_143,Broadmeadows,
BROKENH1,BROKENH,Broken Hill Solar Plant,NSW1,53,Solar,SEMI-SCHEDULED,kml_422,Broken Hill Solar Plant,
BROOKLYN,BROOKLYN,Brooklyn LFG U1-3,VIC1,3,Landfill biogas methane,NON-SCHEDULED,kml_141,Brooklyn,
BROWNMT,BROWNMT,Brown Mountain Hydro Power Station,NSW1,5,Hydro,NON-SCHEDULED,kml_271,Brown Mountain,
BURRIN,BURRIN,Burrinjuck Hydro Power Station,NSW1,27,Hydro,NON-SCHEDULED,kml_117,Burrinjuck Power Station,
BUTLERSG,BUTLERSG,Butlers Gorge Power Station,TAS1,14,Hydro,NON-SCHEDULED,kml_172,Butlers Gorge,
BW01,BAYSW,Bayswater Power Station,NSW1,660,Black coal,SCHEDULED,kml_267,Bayswater,
BW02,BAYSW,Bayswater Power Station,NSW1,660,Black coal,SCHEDULED,kml_267,Bayswater,
BW03,BAYSW,Bayswater Power Station,NSW1,660,Black coal,SCHEDULED,kml_267,Bayswater,
BW04,BAYSW,Bayswater Power Station,NSW1,660,Black coal,SCHEDULED,kml_267,Bayswater,
BWTR1,BWTR1,Broadwater Power Station,NSW1,38,Bagasse,NON-SCHEDULED,kml_270,Broadwater,
CALL_A_4,CALLIDE,Callide Power Station,QLD1,30,Black coal,NON-SCHEDULED,kml_212,Callide A,
CALL_B_1,CALLIDE,Callide Power Station,QLD1,350,Black coal,SCHEDULED,kml_211,Callide B,
CALL_B_2,CALLIDE,Callide Power Station,QLD1,350,Black coal,SCHEDULED,kml_211,Callide B,
CALLNL1,CALLIDE,Callide Power Station,QLD1,25,Black coal,NON-SCHEDULED,kml_210,Callide C,Assuming CALLNL1 is located close to CALLIDEC
CALLNL4,CALLIDE,Callide Power Station,QLD1,30,Black coal,NON-SCHEDULED,kml_210,Callide C,Assuming CALLNL1 is located close to CALLIDEC
CAPTL_WF,CAPTL_WF,Capital Wind Farm,NSW1,140,Wind,NON-SCHEDULED,kml_116,Capital Hill Wind Farm,
CATHROCK,CATHROCK,CATHEDRAL ROCKS,SA1,66,Wind,NON-SCHEDULED,kml_58,Cathedral Rocks Wind Farm,
CBWF1,CBWF,Coonoer Bridge Wind Farm,VIC1,20,Wind,NON-SCHEDULED,kml_22,Challicum Hills Wind Farm,Coonoer Bridge Wind Farm is close to Challicum Hills Wind Farm
CESF1,CESF,Capital East Solar Farm,NSW1,1,Solar,NON-SCHEDULED,kml_480,Royalla Solar farm,Capital East Solar Farm is close to Royalla Solar Farm
CETHANA,CETHANA,Cethana Power Station,TAS1,85,Hydro,SCHEDULED,kml_8,Cethana,
CG1,COLONGRA,Colongra Power Station,NSW1,181,Natural Gas (Pipeline),SCHEDULED,kml_273,Colongra,
CG2,COLONGRA,Colongra Power Station,NSW1,181,Natural Gas (Pipeline),SCHEDULED,kml_273,Colongra,
CG3,COLONGRA,Colongra Power Station,NSW1,181,Natural Gas (Pipeline),SCHEDULED,kml_273,Colongra,
CG4,COLONGRA,Colongra Power Station,NSW1,181,Natural Gas (Pipeline),SCHEDULED,kml_273,Colongra,
CHALLHWF,CHALLWF,Challicum Hills Wind Farm,VIC1,53,,NON-SCHEDULED,kml_22,Challicum Hills Wind Farm,
CHPSTWF1,CHPSTWF,Chepstowe Wind Farm,VIC1,6,Wind,NON-SCHEDULED,kml_22,Challicum Hills Wind Farm,Chepstowe Wind Farm is close to Challicum Hills Wind Farm
CLAYTON,CLAYTON,Clayton Landfill Gas Power Station,VIC1,11,Landfill biogas methane,NON-SCHEDULED,kml_30,Claytons,
CLEMGPWF,CLEMGPWF,Clements Gap Wind Farm,SA1,57,Wind,SEMI-SCHEDULED,kml_97,Clements Gap Wind Farm,
CLOVER,CLOVER,CLOVER POWER STATION,VIC1,29,,NON-SCHEDULED,kml_153,Clover,
CLUNY,CLUNY,Cluny Power Station,TAS1,17,Hydro,NON-SCHEDULED,kml_170,Cluny,
CNUNDAWF,CANUNDA1,CANUNDA WIND FARM ,SA1,46,Wind,NON-SCHEDULED,kml_42,Canunda Wind Farm,
CODRNGTON,CODRGTON,Codrington Wind Farm,VIC1,18,Wind,NON-SCHEDULED,kml_16,Codrington Wind Farm,
CONDONG1,CONDONG1,Condong Power Station,NSW1,30,Bagasse,NON-SCHEDULED,kml_265,Condong Sugar Mill,
COPTNHYD,COPTNHYD,Copeton Hydro Power Station,NSW1,23,Hydro,NON-SCHEDULED,kml_303,Copeton,
CORIO1,CORIO,Corio Landfill Gas Power Station,VIC1,1,Landfill biogas methane,NON-SCHEDULED,kml_337,Corio,
CPP_3,CALLIDEC,CALLIDE C NETT OFF,QLD1,420,Black coal,SCHEDULED,kml_210,Callide C,
CPP_4,CALLIDEC,CALLIDE C NETT OFF,QLD1,420,Black coal,SCHEDULED,kml_210,Callide C,
CPSA,CPSA,Condamine Power Station A,QLD1,144,Natural Gas (Pipeline),SCHEDULED,kml_188,Condamine A,
CULLRGWF,CULLERIN,Cullerin Range Wind Farm,NSW1,30,Wind,NON-SCHEDULED,kml_84,Cullerin Range Wind Farm,
DAANDINE,DAANDINE,Daandine Power Station,QLD1,33,Coal seam methane,NON-SCHEDULED,kml_189,Daandine,
DARTM1,DARTM,DARTMOUTH POWER STATION,VIC1,150,Hydro,SCHEDULED,kml_24,Dartmouth (Mount Beauty Hydro Scheme),
DDPS1,DDPS1,Darling Downs Power Station,QLD1,644,Natural Gas (Pipeline),SCHEDULED,kml_190,Darling Downs,
DEVILS_G,DEVILS_G,Devils Gate Power Station,TAS1,60,Hydro,SCHEDULED,kml_10,Devils Gate,
DG_NSW1,DG_NSW1,NSW1 Dummy Generator,NSW1,3000,,SCHEDULED,,,
DG_QLD1,DG_QLD1,QLD1 Dummy Generator,QLD1,3000,,SCHEDULED,,,
DG_SA1,DG_SA1,SA1 Dummy Generator,SA1,3000,,SCHEDULED,,,
DG_TAS1,DG_TAS1,TAS1 Dummy Generator,TAS1,3000,,SCHEDULED,,,
DG_VIC1,DG_VIC1,VIC1 Dummy Generator,VIC1,3000,,SCHEDULED,,,
DRYCGT1,DRYCGT,Dry Creek Gas Turbine Station,SA1,52,Natural Gas (Pipeline),SCHEDULED,kml_44,Dry Creek,
DRYCGT2,DRYCGT,Dry Creek Gas Turbine Station,SA1,52,Natural Gas (Pipeline),SCHEDULED,kml_44,Dry Creek,
DRYCGT3,DRYCGT,Dry Creek Gas Turbine Station,SA1,52,Natural Gas (Pipeline),SCHEDULED,kml_44,Dry Creek,
DRYCNL,DRYCGT,Dry Creek Gas Turbine Station,SA1,25,Natural Gas (Pipeline),NON-SCHEDULED,kml_44,Dry Creek,
EASTCRK,EASTCRK,Eastern Creek LFG PS Units 1-4,NSW1,5,Landfill biogas methane,NON-SCHEDULED,kml_114,Eastern Creek,
EASTCRK2,EASTCRK2,Eastern Creek 2 Gas Utilisation Facility,NSW1,10,,NON-SCHEDULED,kml_113,Eastern Creek 2,
EDLRGNRD,EDLRGNRD,Roghan Road LFG Power Plant,QLD1,2,Landfill biogas methane,NON-SCHEDULED,kml_137,Roghan Road,
EILDON1,EILDON,EILDON POWER STATION,VIC1,60,Hydro,SCHEDULED,kml_27,Eildon,
EILDON2,EILDON,EILDON POWER STATION,VIC1,60,Hydro,SCHEDULED,kml_27,Eildon,
EILDON3,EILDONPD,Eildon Power Station,VIC1,5,Hydro,NON-SCHEDULED,kml_336,Eildon Small Hydro,
ER01,ERARING,ERARING POWER STATION,NSW1,720,Black coal,SCHEDULED,kml_308,Eraring,
ER02,ERARING,ERARING POWER STATION,NSW1,720,Black coal,SCHEDULED,kml_308,Eraring,
ER03,ERARING,ERARING POWER STATION,NSW1,720,Black coal,SCHEDULED,kml_308,Eraring,
ER04,ERARING,ERARING POWER STATION,NSW1,720,Black coal,SCHEDULED,kml_308,Eraring,
ERGT01,ERGT01,Eraring Power Station,NSW1,42,Black coal,NON-SCHEDULED,kml_275,Eraring,
ERNL1,ERARING,ERARING POWER STATION,NSW1,25,Black coal,NON-SCHEDULED,kml_308,Eraring,
FISHER,FISHER,Fisher Power Station,TAS1,43,Hydro,SCHEDULED,kml_177,Fisher,
GB01,BHILLGT,Broken Hill Gas Turbines,NSW1,50,Natural Gas (Pipeline),NON-SCHEDULED,kml_307,Broken Hill,
GERMCRK,GERMCRK,German Creek Power Station,QLD1,45,Landfill biogas methane,NON-SCHEDULED,kml_191,German Creek,
GLADNL1,G/STONE,GLADSTONE POWER STATION,QLD1,25,Black coal,NON-SCHEDULED,kml_192,Gladstone,
GLBWNHYD,GLBWNHYD,Glenbawn Hydro Power Station,NSW1,6,Hydro,NON-SCHEDULED,kml_277,Glenbawn,
GLENMAG1,GLENMAGG,Glenmaggie Hydro Power Station,VIC1,4,Hydro,NON-SCHEDULED,kml_145,Lake Glenmaggie,
GLENNCRK,GLENNCRK,Glennies Creek Power Station,NSW1,13,,NON-SCHEDULED,kml_278,Glennies Creek,
GORDON,GORDON,Gordon Power Station,TAS1,432,Hydro,SCHEDULED,kml_2,Gordon,
GOVILLB1,GORDON,Gordon Power Station,TAS1,25,Hydro,NON-SCHEDULED,kml_2,Gordon,
GRANGEAV,GRANGEAV,Grange Avenue Landfill Gas Power Station,NSW1,2,Landfill biogas methane,NON-SCHEDULED,kml_111,Grange Avenue,
GROSV1,GROSV1,Grosvenor 1 Waste Coal Mine Gas Power Station,QLD1,21,Coal mine waste gas,NON-SCHEDULED,kml_205,Tarong,Grosvenor 1 Waste Coal Mine Gas Power Station is close to TARONG POWER STATION
GSTONE1,G/STONE,GLADSTONE POWER STATION,QLD1,280,Black coal,SCHEDULED,kml_192,Gladstone,
GSTONE2,G/STONE,GLADSTONE POWER STATION,QLD1,280,Black coal,SCHEDULED,kml_192,Gladstone,
GSTONE3,G/STONE,GLADSTONE POWER STATION,QLD1,280,Black coal,SCHEDULED,kml_192,Gladstone,
GSTONE4,G/STONE,GLADSTONE POWER STATION,QLD1,280,Black coal,SCHEDULED,kml_192,Gladstone,
GSTONE5,G/STONE,GLADSTONE POWER STATION,QLD1,280,Black coal,SCHEDULED,kml_192,Gladstone,
GSTONE6,G/STONE,GLADSTONE POWER STATION,QLD1,280,Black coal,SCHEDULED,kml_192,Gladstone,
GULLRWF1,GULLRGWF,Gullen Range Wind Farm,NSW1,166,Wind,SEMI-SCHEDULED,kml_477,Gullen Range Wind Farm,
GUNNING1,GUNNING,Gunning Wind Farm,NSW1,47,Wind,SEMI-SCHEDULED,kml_477,Gullen Range Wind Farm,
GUTHEGA,SNOWY3,Guthega Power Station,NSW1,60,Hydro,SCHEDULED,kml_305,Guthega,
GUTHNL1,SNOWY3,Guthega Power Station,NSW1,25,Hydro,NON-SCHEDULED,kml_305,Guthega,
HALAMRD1,HALAMRD,HALLAM ROAD RENEWABLE ENERGY FACILITY,VIC1,9,Landfill biogas methane,NON-SCHEDULED,kml_32,Hallam Road,
HALLWF1,HALLWF,Hallett 1 Wind Farm,SA1,95,Wind,SEMI-SCHEDULED,kml_54,Hallett 1 Brown Hill  Wind Farm,
HALLWF2,HALLWF2,Hallett 2 Wind Farm,SA1,71,Wind,SEMI-SCHEDULED,kml_56,Hallett 2 Hallet Hill  Wind Farm,
HDWF1,HORNSDAL,Hornsdale Wind Farm,SA1,102,Wind,SEMI-SCHEDULED,kml_54,Hallett 1 Brown Hill  Wind Farm,Hornsdale Wind Farm is close to Hallett 1 Brown Hill  Wind Farm
HDWF2,HORNSDAL2,Hornsdale Wind Farm 2,SA1,102,Wind,SEMI-SCHEDULED,kml_54,Hallett 1 Brown Hill  Wind Farm,Hornsdale Wind Farm 2 is close to Hallett 1 Brown Hill  Wind Farm
HEPWIND1,HEPWIND,Hepburn Community Wind Farm,VIC1,4,Wind,NON-SCHEDULED,,,
HLMSEW01,HLMSEW01,South East Water - Halllam Hydro Plant,VIC1,1,Hydro,NON-SCHEDULED,kml_338,South East Water Hallam Plant,
HUMENSW,HUMENSW,Hume (NSW) Hydro Power Station,NSW1,29,Hydro,SCHEDULED,kml_41,Hume,
HUMEV,HUMEV,Hume (Vic) Hydro Power Station,VIC1,29,Hydro,SCHEDULED,kml_41,Hume,No Hume power station in Victoria within Geoscience Australia dataset. Assuming that HUMEV at same location as HUMENSW.
HVGTS,HUNTVGT,Hunter Valley Gas Turbine,NSW1,50,Kerosene - non aviation,SCHEDULED,kml_280,Hunter Valley,
ICSM,ICSM,ISIS Central Sugar Mill Co-generation Plant,QLD1,25,Bagasse,NON-SCHEDULED,kml_193,Isis Central Sugar Mill,
INVICTA,INVICTA,Invicta Sugar Mill,QLD1,50,,NON-SCHEDULED,kml_124,Invicta Sugar Mill,
JACKSGUL,JACKSGUL,Jacks Gully Landfill Gas Power Station,NSW1,2,Landfill biogas methane,NON-SCHEDULED,kml_109,Jacks Gully,
JBUTTERS,JBUTTERS,John Butters Power Station,TAS1,144,Hydro,SCHEDULED,kml_3,John Butters,
JLA01,JEERA,"Jeeralang ""A"" Power Station",VIC1,51,Natural Gas (Pipeline),SCHEDULED,kml_35,Jeeralang A,
JLA02,JEERA,"Jeeralang ""A"" Power Station",VIC1,51,Natural Gas (Pipeline),SCHEDULED,kml_35,Jeeralang A,
JLA03,JEERA,"Jeeralang ""A"" Power Station",VIC1,51,Natural Gas (Pipeline),SCHEDULED,kml_35,Jeeralang A,
JLA04,JEERA,"Jeeralang ""A"" Power Station",VIC1,51,Natural Gas (Pipeline),SCHEDULED,kml_35,Jeeralang A,
JLB01,JEERB,"Jeeralang ""B"" Power Station",VIC1,76,Natural Gas (Pipeline),SCHEDULED,kml_34,Jeeralang B,
JLB02,JEERB,"Jeeralang ""B"" Power Station",VIC1,76,Natural Gas (Pipeline),SCHEDULED,kml_34,Jeeralang B,
JLB03,JEERB,"Jeeralang ""B"" Power Station",VIC1,76,Natural Gas (Pipeline),SCHEDULED,kml_34,Jeeralang B,
JNDABNE1,JNDSHPS,Jindabyne Small Hydro Power Station,NSW1,1,Hydro,NON-SCHEDULED,kml_95,Jindabyne Dam Mini Hydro,
JOUNAMA1,JOUNAMA,Jounama Small Hydro Power Station,NSW1,14,Hydro,NON-SCHEDULED,kml_108,Jounama,
KAREEYA1,KAREEYA,KAREEYA POWER STATION,QLD1,21,Hydro,SCHEDULED,kml_195,Kareeya,
KAREEYA2,KAREEYA,KAREEYA POWER STATION,QLD1,21,Hydro,SCHEDULED,kml_195,Kareeya,
KAREEYA3,KAREEYA,KAREEYA POWER STATION,QLD1,21,Hydro,SCHEDULED,kml_195,Kareeya,
KAREEYA4,KAREEYA,KAREEYA POWER STATION,QLD1,21,Hydro,SCHEDULED,kml_195,Kareeya,
KAREEYA5,KAREEYA,KAREEYA POWER STATION,QLD1,7,Hydro,NON-SCHEDULED,kml_195,Kareeya,
KEEPIT,KEEPIT,Keepit Hydro Power Station,NSW1,6,Hydro,NON-SCHEDULED,kml_306,Lake Keepit,
KINCUM1,KINCUMB,Kincumber Landfill Site,NSW1,1,Landfill biogas methane,NON-SCHEDULED,,,
KPP_1,KOGANCK,Kogan Creek Power Station,QLD1,744,Black coal,SCHEDULED,kml_196,Kogan Creek,
L_W_CNL1,LI_WY_CA,Catagunya / Liapootah / Wayatinah Power Station,TAS1,25,Hydro,NON-SCHEDULED,kml_171,Catagunya,
LADBROK1,LADBROKE,Ladbroke Grove Power Station,SA1,40,Natural Gas (Pipeline),SCHEDULED,kml_252,Ladbroke Grove,
LADBROK2,LADBROKE,Ladbroke Grove Power Station,SA1,40,Natural Gas (Pipeline),SCHEDULED,kml_252,Ladbroke Grove,
LD01,LIDDELL,Liddell Power Station,NSW1,500,Black coal,SCHEDULED,kml_282,Liddell,
LD02,LIDDELL,Liddell Power Station,NSW1,500,Black coal,SCHEDULED,kml_282,Liddell,
LD03,LIDDELL,Liddell Power Station,NSW1,500,Black coal,SCHEDULED,kml_282,Liddell,
LD04,LIDDELL,Liddell Power Station,NSW1,500,Black coal,SCHEDULED,kml_282,Liddell,
LEM_WIL,LEM_WIL,Lemonthyme / Wilmot Power Station,TAS1,82,Hydro,SCHEDULED,kml_175,Lemonthyme,
LI_WY_CA,LI_WY_CA,Catagunya / Liapootah / Wayatinah Power Station,TAS1,170,Hydro,SCHEDULED,kml_171,Catagunya,
LIDDNL1,LIDDELL,Liddell Power Station,NSW1,25,Black coal,NON-SCHEDULED,kml_282,Liddell,
LK_ECHO,LK_ECHO,Lake Echo Power Station,TAS1,32,Hydro,SCHEDULED,kml_15,Lake Echo,
LKBONNY1,LKBONNY1,Lake Bonney Wind Farm Stage 1,SA1,81,Wind,NON-SCHEDULED,kml_478,Lake Bonney Stage 1 Wind Farm,
LKBONNY2,LKBONNY_2,Lake Bonney Stage 2 Windfarm,SA1,159,Wind,SEMI-SCHEDULED,kml_130,Lake Bonney Stage 2 Wind Farm,
LKBONNY3,LKBONNY3,Lake Bonney Stage 3 Wind Farm,SA1,39,Wind,SEMI-SCHEDULED,kml_479,Lake Bonney Stage 3 Wind Farm,
LNGS1,LNGS,Laverton North Power Station,VIC1,156,Natural Gas (Pipeline),SCHEDULED,kml_28,Laverton North,
LNGS2,LNGS,Laverton North Power Station,VIC1,156,Natural Gas (Pipeline),SCHEDULED,kml_28,Laverton North,
LONGFORD,LONGFORD,LONGFORD PLANT,VIC1,44,Natural Gas (Pipeline),NON-SCHEDULED,kml_147,Longford,
LONSDALE,LONSDALE,Lonsdale Power Station,SA1,21,Diesel oil,SCHEDULED,kml_248,Lonsdale,
LOYYB1,LOYYB,LOY YANG B POWER STATION,VIC1,500,Brown coal,SCHEDULED,kml_37,Loy Yang B,
LOYYB2,LOYYB,LOY YANG B POWER STATION,VIC1,500,Brown coal,SCHEDULED,kml_37,Loy Yang B,
LUCAS2S2,LUCAS2S2,Lucas Heights 2 Power Station,NSW1,5,Landfill biogas methane,NON-SCHEDULED,kml_106,Lucas Heights II,
LUCASHGT,LUCAS2S2,Lucas Heights 2 Power Station,NSW1,13,Landfill biogas methane,NON-SCHEDULED,kml_106,Lucas Heights II,
LYA1,LOYYANGA,LOY YANG A POWER STATION,VIC1,560,Brown coal,SCHEDULED,kml_36,Loy Yang A,
LYA2,LOYYANGA,LOY YANG A POWER STATION,VIC1,530,Brown coal,SCHEDULED,kml_36,Loy Yang A,
LYA3,LOYYANGA,LOY YANG A POWER STATION,VIC1,560,Brown coal,SCHEDULED,kml_36,Loy Yang A,
LYA4,LOYYANGA,LOY YANG A POWER STATION,VIC1,560,Brown coal,SCHEDULED,kml_36,Loy Yang A,
LYNL1,LOYYANGA,LOY YANG A POWER STATION,VIC1,25,Brown coal,NON-SCHEDULED,kml_36,Loy Yang A,
MACARTH1,MACARTH,Macarthur Wind Farm,VIC1,420,Wind,SEMI-SCHEDULED,kml_18,Macarthur Wind Farm,
MACKAYGT,MACKAY,MACKAY GAS TURBINE,QLD1,30,Diesel oil,SCHEDULED,kml_180,Mackay,
MACKNTSH,MACKNTSH,Mackintosh Power Station,TAS1,80,Hydro,SCHEDULED,kml_7,Mackintosh,
MBAHNTH,MBAHNTH,Moranbah North Waste Coal Mine Gas Power Station,QLD1,63,Coal mine waste gas,NON-SCHEDULED,kml_122,Moranbah North,
MCKAY1,MCKAY,Bogong / Mackay Power Station,VIC1,300,Hydro,SCHEDULED,kml_152,Bogong (Mount Beauty Hydro Scheme),
MEADOWBK,MEADOWBK,Meadowbank Power Station,TAS1,40,Hydro,SCHEDULED,kml_168,Meadowbank,
MERCER01,MTMERCER,Mt Mercer Wind Farm,VIC1,131,Wind,SEMI-SCHEDULED,kml_20,Mt Mercer Wind Farm,
MIDLDPS1,MIDLDPS,Midlands Power Station,TAS1,6,,NON-SCHEDULED,kml_14,Poatina,Midlands Power Station is close to Poatina Power Station
MINTARO,MINTARO,Mintaro Gas Turbine Station,SA1,90,Natural Gas (Pipeline),SCHEDULED,kml_53,Mintaro,
MINTNL1,MINTARO,Mintaro Gas Turbine Station,SA1,25,Natural Gas (Pipeline),NON-SCHEDULED,kml_53,Mintaro,
MLSP1,MLSP,Mugga Lane Solar Park,NSW1,12,Solar,NON-SCHEDULED,kml_105,Mugga Lane,
MLWF1,MLWF,Mortons Lane Wind Farm,VIC1,20,Wind,NON-SCHEDULED,kml_488,Mortons Lane Wind Farm,
MORANBAH,MORANBAH,Moranbah Generation Project,QLD1,13,Coal seam methane,NON-SCHEDULED,kml_198,Moranbah,
MOREESF1,MOREESF,MOREE SOLAR FARM,NSW1,57,Solar,SEMI-SCHEDULED,kml_486,Moree,
MORNW,MORNW,Mornington Waste Disposal Facility,VIC1,1,Landfill biogas methane,NON-SCHEDULED,kml_148,Mornington,
MORTLK11,MORTLK,Mortlake Power Station,VIC1,283,Natural Gas (Pipeline),SCHEDULED,kml_19,Mortlake,
MORTLK12,MORTLK,Mortlake Power Station,VIC1,283,Natural Gas (Pipeline),SCHEDULED,kml_19,Mortlake,
MP1,MP,MT PIPER POWER STATION,NSW1,700,Black coal,SCHEDULED,kml_283,Mt Piper,
MP2,MP,MT PIPER POWER STATION,NSW1,700,Black coal,SCHEDULED,kml_283,Mt Piper,
MPNL1,MP,MT PIPER POWER STATION,NSW1,25,Black coal,NON-SCHEDULED,kml_283,Mt Piper,
MPP_1,MILLMERN,Millmerran Power Plant,QLD1,426,Black coal,SCHEDULED,kml_197,Millmerran,
MPP_2,MILLMERN,Millmerran Power Plant,QLD1,426,Black coal,SCHEDULED,kml_197,Millmerran,
MSTUART1,MSTUART,Mt Stuart Power Station,QLD1,144,Kerosene - non aviation,SCHEDULED,kml_199,Mount Stuart,
MSTUART2,MSTUART,Mt Stuart Power Station,QLD1,144,Kerosene - non aviation,SCHEDULED,kml_199,Mount Stuart,
MSTUART3,MSTUART,Mt Stuart Power Station,QLD1,131,Kerosene - non aviation,SCHEDULED,kml_199,Mount Stuart,
MTMILLAR,MTMILLAR,Mt Millar Wind Farm,SA1,70,Wind,NON-SCHEDULED,kml_129,Mount Millar Wind Farm,
MURAYNL1,MURRAY,Murray Power Station,VIC1,25,Hydro,NON-SCHEDULED,kml_157,Murray 1,Murray Power Station is in NSW
MURAYNL2,MURRAY,Murray Power Station,VIC1,25,Hydro,NON-SCHEDULED,kml_157,Murray 1,Murray Power Station is in NSW
MURAYNL3,MURRAY,Murray Power Station,VIC1,25,Hydro,NON-SCHEDULED,kml_157,Murray 1,Murray Power Station is in NSW
MURR1-1,MURRAY1,MURRAY1,VIC1,95,,NON-SCHEDULED,kml_157,Murray 1,MURRAY1 Power Station is in NSW
MURR1-10,MURRAY1,MURRAY1,VIC1,95,,NON-SCHEDULED,kml_157,Murray 1,MURRAY1 Power Station is in NSW
MURR1-2,MURRAY1,MURRAY1,VIC1,95,,NON-SCHEDULED,kml_157,Murray 1,MURRAY1 Power Station is in NSW
MURR1-3,MURRAY1,MURRAY1,VIC1,95,,NON-SCHEDULED,kml_157,Murray 1,MURRAY1 Power Station is in NSW
MURR1-4,MURRAY1,MURRAY1,VIC1,95,,NON-SCHEDULED,kml_157,Murray 1,MURRAY1 Power Station is in NSW
MURR1-5,MURRAY1,MURRAY1,VIC1,95,,NON-SCHEDULED,kml_157,Murray 1,MURRAY1 Power Station is in NSW
MURR1-6,MURRAY1,MURRAY1,VIC1,95,,NON-SCHEDULED,kml_157,Murray 1,MURRAY1 Power Station is in NSW
MURR1-7,MURRAY1,MURRAY1,VIC1,95,,NON-SCHEDULED,kml_157,Murray 1,MURRAY1 Power Station is in NSW
MURR1-8,MURRAY1,MURRAY1,VIC1,95,,NON-SCHEDULED,kml_157,Murray 1,MURRAY1 Power Station is in NSW
MURR1-9,MURRAY1,MURRAY1,VIC1,95,,NON-SCHEDULED,kml_157,Murray 1,MURRAY1 Power Station is in NSW
MURR2-1,MURRAY2,MURRAY2,VIC1,137.5,,NON-SCHEDULED,kml_156,Murray 2,MURRAY2 Power Station is in NSW
MURR2-2,MURRAY2,MURRAY2,VIC1,137.5,,NON-SCHEDULED,kml_156,Murray 2,MURRAY2 Power Station is in NSW
MURR2-3,MURRAY2,MURRAY2,VIC1,137.5,,NON-SCHEDULED,kml_156,Murray 2,MURRAY2 Power Station is in NSW
MURR2-4,MURRAY2,MURRAY2,VIC1,137.5,,NON-SCHEDULED,kml_156,Murray 2,MURRAY2 Power Station is in NSW
MURRAY,MURRAY,Murray Power Station,VIC1,1500,Hydro,SCHEDULED,kml_157,Murray 1,Murray Power Station is in NSW
MUSSELR1,MUSSELRO,Musselroe Wind Farm,TAS1,168,Wind,SEMI-SCHEDULED,kml_178,Tamar Valley,"Musselroe Wind Farm is connected to the greater NEM network by a long radial transmission line extending from Launceston. This line is less than 100kV, and is removed in the network construction phase, causing the wind farm to be located more than 50km from its nearest node. Tamar Valley is located near the start of this long-radial line, and is reasonable to assume that generated at Musselroe would be injected into Tamar Valley. Consequently, while a GA entry for Musselroe does exist, Tamar Valley has been assigned instead."
NBHWF1,NBHWF,North Brown Hill Wind Farm,SA1,132,Wind,SEMI-SCHEDULED,kml_96,North Brown Hill  Wind Farm,
NINEWIL1,NINEWIL,Nine Network Willoughby Plant,NSW1,3,Diesel oil,NON-SCHEDULED,,,
NPS,NEWPORT,NEWPORT POWER STATION,VIC1,500,Natural Gas (Pipeline),SCHEDULED,kml_29,Newport,
NYNGAN1,NYNGAN,Nyngan Solar Plant,NSW1,102,Solar,SEMI-SCHEDULED,kml_474,Nyngan Solar Plant,
OAKEY1,OAKEY,OAKEY POWER STATION,QLD1,141,Natural Gas (Pipeline),SCHEDULED,kml_200,Oakey,
OAKEY2,OAKEY,OAKEY POWER STATION,QLD1,141,Natural Gas (Pipeline),SCHEDULED,kml_200,Oakey,
OAKLAND1,OAKLAND,Oaklands Hill Wind Farm,VIC1,67,Wind,SEMI-SCHEDULED,kml_93,Oakland Hills Wind Farm,
OAKY2,OAKY2,Oaky Creek 2,QLD1,15,Coal mine waste gas,NON-SCHEDULED,kml_201,Oaky Creek,Assuming Oaky Creek 2 is located close to Oaky Creek Power Station
OAKYCREK,OCPS,Oaky Creek Power Station,QLD1,20,Natural Gas (Pipeline),NON-SCHEDULED,kml_201,Oaky Creek,
OSB-AG,OSBORNE,OSBORNE POWER STATION,SA1,180,Natural Gas (Pipeline),SCHEDULED,kml_47,Osborne,
PALOONA,PALOONA,Paloona Power Station,TAS1,28,Hydro,NON-SCHEDULED,kml_11,Paloona,
PEDLER1,PEDLER,Pedler Creek Landfill Gas Power Station Units 1-3,SA1,3,,NON-SCHEDULED,kml_249,Pedler Creek,
PINDARI,PINDARI,Pindari Hydro Power Station,NSW1,6,Hydro,NON-SCHEDULED,kml_91,Pindari,
PIONEER,PIONEER,Pioneer Sugar Mill,QLD1,68,,NON-SCHEDULED,kml_121,Pioneer Sugar Mill,
PO110NL1,PTINA110,Poatina Power Station,TAS1,25,Hydro,NON-SCHEDULED,kml_14,Poatina,
POAT110,PTINA110,Poatina Power Station,TAS1,100,Hydro,SCHEDULED,kml_14,Poatina,
POAT220,PTINA220,Poatina Power Station,TAS1,200,Hydro,SCHEDULED,kml_14,Poatina,
POR01,PORTLCN,Port Lincoln Gas Turbine,SA1,50,Diesel oil,SCHEDULED,kml_57,Port Lincoln,
POR03,PORTLCN,Port Lincoln Gas Turbine,SA1,23,Diesel oil,SCHEDULED,kml_57,Port Lincoln,
PORTWF,PORTWF,Portland Wind Farm,VIC1,148,,NON-SCHEDULED,kml_159,Cape Nelson South Wind Farm,Cape Nelson South Wind Farm is close to Portland Wind Farm
PPCCGT,NPPPPS,Pelican Point Power Station,SA1,478,Natural Gas (Pipeline),SCHEDULED,kml_48,Pelican Point,
PTSTAN1,STANVAC,Pt Stanvac Power Station,SA1,58,Diesel oil,SCHEDULED,kml_346,Port Stanvac,
PUMP1,WIVENHOE,WIVENHOE POWER STATION,QLD1,240,Hydro,SCHEDULED,kml_184,Wivenhoe Hydroelectric,
PUMP2,WIVENHOE,WIVENHOE POWER STATION,QLD1,240,Hydro,SCHEDULED,kml_184,Wivenhoe Hydroelectric,
QPS1,QUARANTN,Quarantine Power Station,SA1,24,Natural Gas (Pipeline),SCHEDULED,kml_49,Quarantine,
QPS2,QUARANTN,Quarantine Power Station,SA1,24,Natural Gas (Pipeline),SCHEDULED,kml_49,Quarantine,
QPS3,QUARANTN,Quarantine Power Station,SA1,24,Natural Gas (Pipeline),SCHEDULED,kml_49,Quarantine,
QPS4,QUARANTN,Quarantine Power Station,SA1,24,Natural Gas (Pipeline),SCHEDULED,kml_49,Quarantine,
QPS5,QUARANTN,Quarantine Power Station,SA1,128,Natural Gas (Pipeline),SCHEDULED,kml_49,Quarantine,
RACOMIL1,RACOMIL,Racecourse Mill Power Station,QLD1,48,,NON-SCHEDULED,kml_489,Racecourse Mill,
REECE1,REECE,Reece Power Station,TAS1,116,Hydro,SCHEDULED,kml_6,Reece,
REECE2,REECE,Reece Power Station,TAS1,116,Hydro,SCHEDULED,kml_6,Reece,
REMOUNT,REMOUNT,Remount Power Station,TAS1,2,Landfill biogas methane,NON-SCHEDULED,kml_163,Remount,
REPULSE,REPULSE,Repulse Power Station,TAS1,28,Hydro,NON-SCHEDULED,kml_1,Repulse,
ROCHEDAL,ROCHEDAL,Rochedale Renewable Energy Facility,QLD1,4,Landfill biogas methane,NON-SCHEDULED,kml_138,Rochedale,
ROMA_7,ROMA,Roma Gas Turbine Station,QLD1,40,Natural Gas (Pipeline),SCHEDULED,kml_181,Roma,
ROMA_8,ROMA,Roma Gas Turbine Station,QLD1,40,Natural Gas (Pipeline),SCHEDULED,kml_181,Roma,
ROWALLAN,ROWALLAN,Rowallan Power Station,TAS1,11,Hydro,NON-SCHEDULED,kml_173,Rowallan,
ROYALLA1,ROYALLA,Royalla Solar Farm,NSW1,20,Solar,NON-SCHEDULED,kml_480,Royalla Solar farm,
RPCG,RPCG,Rocky Point Cogeneration Plant,QLD1,30,Biomass and industrial materials,NON-SCHEDULED,kml_128,Rocky Point Sugar Sugar Mill,
RT_NSW1,RT_NSW1,RESERVE TRADER NSW1,NSW1,3000,,SCHEDULED,,,
RT_QLD1,RT_QLD1,RESERVE TRADER QLD1,QLD1,3000,,SCHEDULED,,,
RT_SA1,RT_SA1,RESERVE TRADER SA1,SA1,3000,,SCHEDULED,,,
RT_SA2,RT_SA1,RESERVE TRADER SA1,SA1,3000,,SCHEDULED,,,
RT_SA3,RT_SA1,RESERVE TRADER SA1,SA1,3000,,SCHEDULED,,,
RT_SA4,RT_SA1,RESERVE TRADER SA1,SA1,3000,,SCHEDULED,,,
RT_SA5,RT_SA1,RESERVE TRADER SA1,SA1,3000,,SCHEDULED,,,
RT_SA6,RT_SA1,RESERVE TRADER SA1,SA1,3000,,SCHEDULED,,,
RT_TAS1,RT_TAS1,RESERVE TRADER TAS1,TAS1,3000,,SCHEDULED,,,
RT_VIC1,RT_VIC1,RESERVE TRADER VIC1,VIC1,3000,,SCHEDULED,,,
RT_VIC10,RT_VIC1,RESERVE TRADER VIC1,VIC1,3000,,SCHEDULED,,,
RT_VIC11,RT_VIC1,RESERVE TRADER VIC1,VIC1,3000,,SCHEDULED,,,
RT_VIC12,RT_VIC1,RESERVE TRADER VIC1,VIC1,3000,,SCHEDULED,,,
RT_VIC2,RT_VIC1,RESERVE TRADER VIC1,VIC1,3000,,SCHEDULED,,,
RT_VIC3,RT_VIC1,RESERVE TRADER VIC1,VIC1,3000,,SCHEDULED,,,
RT_VIC4,RT_VIC1,RESERVE TRADER VIC1,VIC1,3000,,SCHEDULED,,,
RT_VIC5,RT_VIC1,RESERVE TRADER VIC1,VIC1,3000,,SCHEDULED,,,
RT_VIC6,RT_VIC1,RESERVE TRADER VIC1,VIC1,3000,,SCHEDULED,,,
RT_VIC7,RT_VIC1,RESERVE TRADER VIC1,VIC1,3000,,SCHEDULED,,,
RT_VIC8,RT_VIC1,RESERVE TRADER VIC1,VIC1,3000,,SCHEDULED,,,
RT_VIC9,RT_VIC1,RESERVE TRADER VIC1,VIC1,3000,,SCHEDULED,,,
RUBICON,RUBICON,Rubicon Mountain Streams Station,VIC1,13.55,,NON-SCHEDULED,kml_149,Rubicon,
SHEP1,SHEP1,Shepparton Wastewater Treatment Facility,VIC1,1,Biomass and industrial materials,NON-SCHEDULED,kml_23,Shepparton Biogas Generation Plant,
SHGEN,SHOALHAV,Shoalhaven Power Station (Bendeela And Kangaroo Valley Power Station And Pumps),NSW1,240,Hydro,SCHEDULED,kml_268,Bendeela (Shoalhaven Scheme),
SHPUMP,SHOALHAV,Shoalhaven Power Station (Bendeela And Kangaroo Valley Power Station And Pumps),NSW1,240,,SCHEDULED,kml_268,Bendeela (Shoalhaven Scheme),Assuming that pump and power station are co-located
SITHE01,SITHE,SMITHFIELD ENERGY FACILITY,NSW1,160,Natural Gas (Pipeline),SCHEDULED,kml_288,Smithfield Energy,
SNOWNTH1,SNOWNTH,Snowtown Wind Farm Stage 2 North,SA1,144,Wind,SEMI-SCHEDULED,kml_85,Snowtown North,
SNOWSTH1,SNOWSTH,Snowtown South Wind Farm,SA1,126,Wind,SEMI-SCHEDULED,kml_454,Snowtown South,
SNOWTWN1,SNOWTOWN,Snowtown Wind Farm Units 1 And 47,SA1,99,Wind,SEMI-SCHEDULED,kml_85,Snowtown North,
SNOWYGJP,SNWYGJP2,Jindabyne Pump At Guthega,VIC1,70,,NON-SCHEDULED,kml_305,Guthega,Jindabyne Pump at Guthega is in NSW
SNOWYP,SNOWY,Tumut 3 Pumps,NSW1,600,,SCHEDULED,kml_103,Tumut 3,
SNUG1,SNUG,SNUGGERY POWER STATION,SA1,63,Diesel oil,SCHEDULED,kml_43,Snuggery,
SNUG2,SNUG,SNUGGERY POWER STATION,SA1,21,,NON-SCHEDULED,kml_43,Snuggery,
SNUG3,SNUG,SNUGGERY POWER STATION,SA1,21,,NON-SCHEDULED,kml_43,Snuggery,
SNUGNL1,SNUG,SNUGGERY POWER STATION,SA1,25,Diesel oil,NON-SCHEDULED,kml_43,Snuggery,
STAN-1,STANWELL,STANWELL POWER STATION,QLD1,365,Black coal,SCHEDULED,kml_202,Stanwell,
STAN-2,STANWELL,STANWELL POWER STATION,QLD1,365,Black coal,SCHEDULED,kml_202,Stanwell,
STAN-3,STANWELL,STANWELL POWER STATION,QLD1,365,Black coal,SCHEDULED,kml_202,Stanwell,
STAN-4,STANWELL,STANWELL POWER STATION,QLD1,365,Black coal,SCHEDULED,kml_202,Stanwell,
STANNL1,STANWELL,STANWELL POWER STATION,QLD1,25,Black coal,NON-SCHEDULED,kml_202,Stanwell,
STARHLWF,STARFHILL,Starfish Hill Wind Farm,SA1,35,Wind,NON-SCHEDULED,kml_120,Starfish Hill Wind Farm,
STGEORG1,STGEORGE,St George Leagues Plant,NSW1,1,Diesel oil,NON-SCHEDULED,kml_319,St George Leagues Club,
STHBKTEC,STHBKTEC,Southbank Institute Of Technology Unit 1 Plant,QLD1,1,Diesel oil,NON-SCHEDULED,kml_459,Bulwer Island,Southbank Institute Of Technology Unit 1 Plant is close to Bulwer Island Power Station
SVALE1,SVALE,Springvale Landfill Gas Power Station,VIC1,5,Landfill biogas methane,NON-SCHEDULED,kml_31,Springvale,
SWAN_E,SWANBANK,Swanbank B Power Station & Swanbank E Gas Turbine,QLD1,385,Natural Gas (Pipeline),SCHEDULED,kml_183,Swanbank E,
TAHMOOR1,TAHMOOR,Tahmoor Waste Coal Mine Gas Power Station,NSW1,7,Coal mine waste gas,NON-SCHEDULED,kml_289,Tahmoor,
TALWA1,TALLAWAR,Tallawarra Power Station,NSW1,440,Natural Gas (Pipeline),SCHEDULED,kml_290,Tallawarra,
TARALGA1,TARALGA,Taralga Wind Farm,NSW1,106,Wind,SEMI-SCHEDULED,kml_289,Tahmoor,Taralga Wind Farm is close to Tahmoor Wast Coal Mine Gas Power Station
TARNL1,TARONG,TARONG POWER STATION,QLD1,25,Black coal,NON-SCHEDULED,kml_203,Tarong,
TARONG#1,TARONG,TARONG POWER STATION,QLD1,350,Black coal,SCHEDULED,kml_205,Tarong,
TARONG#2,TARONG,TARONG POWER STATION,QLD1,350,Black coal,SCHEDULED,kml_205,Tarong,
TARONG#3,TARONG,TARONG POWER STATION,QLD1,350,Black coal,SCHEDULED,kml_205,Tarong,
TARONG#4,TARONG,TARONG POWER STATION,QLD1,350,Black coal,SCHEDULED,kml_205,Tarong,
TARRALEA,TARRALEA,Tarraleah Power Station,TAS1,90,Hydro,SCHEDULED,kml_167,Tarraleah,
TATIARA1,TATIARA,Tataria Bordertown Plant,SA1,1,Diesel oil,NON-SCHEDULED,kml_378,Tatiara Meats,
TATURA01,TATURA,Tatura Biomass Generator,VIC1,1,Biomass and industrial materials,NON-SCHEDULED,kml_94,Tatura Biogas Generation Plant,
TERALBA,TERALBA,TERALBA POWER STATION,NSW1,3,Landfill biogas methane,NON-SCHEDULED,kml_291,Teralba,
TERMSTOR,TERMSTOR,Terminal Storage Mini Hydro Power Station,SA1,2,,NON-SCHEDULED,kml_126,Terminal Storage,
TGNSS1,TGNSS,Traralgon Network Support Station,VIC1,10,Natural Gas (Pipeline),NON-SCHEDULED,kml_476,Traralgon Network Support Station,
THEDROP1,THEDROP,The Drop Power Station,NSW1,3,Hydro,NON-SCHEDULED,kml_90,The Drop,
TITREE,TITREE,Veolia Ti Tree Bio Reactor,QLD1,2,Landfill biogas methane,NON-SCHEDULED,kml_136,Ti Tree Bioenergy,
TNPS1,TARONGN,Tarong North Power Station,QLD1,443,Black coal,SCHEDULED,kml_204,Tarong North,
TOORAWF,TOORAWF,TOORA WIND FARM,VIC1,21,Wind,NON-SCHEDULED,kml_135,Toora Wind Farm,
TORNL1,TORRIS,TORRENS ISLAND POWER STATION,SA1,100,Natural Gas (Pipeline),NON-SCHEDULED,kml_45,Torrens Island A,TORNL1 assigned to Torrens Island A. Could have also been assigned to Torrens Island B. Both stations are located next to each other.
TORRA1,TORRIS,TORRENS ISLAND POWER STATION,SA1,120,Natural Gas (Pipeline),SCHEDULED,kml_45,Torrens Island A,
TORRA2,TORRIS,TORRENS ISLAND POWER STATION,SA1,120,Natural Gas (Pipeline),SCHEDULED,kml_45,Torrens Island A,
TORRA3,TORRIS,TORRENS ISLAND POWER STATION,SA1,120,Natural Gas (Pipeline),SCHEDULED,kml_45,Torrens Island A,
TORRA4,TORRIS,TORRENS ISLAND POWER STATION,SA1,120,Natural Gas (Pipeline),SCHEDULED,kml_45,Torrens Island A,
TORRB1,TORRIS,TORRENS ISLAND POWER STATION,SA1,200,Natural Gas (Pipeline),SCHEDULED,kml_46,Torrens Island B,
TORRB2,TORRIS,TORRENS ISLAND POWER STATION,SA1,200,Natural Gas (Pipeline),SCHEDULED,kml_46,Torrens Island B,
TORRB3,TORRIS,TORRENS ISLAND POWER STATION,SA1,200,Natural Gas (Pipeline),SCHEDULED,kml_46,Torrens Island B,
TORRB4,TORRIS,TORRENS ISLAND POWER STATION,SA1,200,Natural Gas (Pipeline),SCHEDULED,kml_46,Torrens Island B,
TOWER,TOWER,Tower Power Plant,NSW1,41,Coal seam methane,NON-SCHEDULED,kml_293,Tower Mine,
TREVALLN,TREVALLN,Trevallyn Power Station,TAS1,93,Hydro,SCHEDULED,kml_13,Trevallyn,
TRIBNL1,TRIBUTE,Tribute Power Station,TAS1,25,Hydro,NON-SCHEDULED,kml_4,Tribute,
TRIBUTE,TRIBUTE,Tribute Power Station,TAS1,83,Hydro,SCHEDULED,kml_4,Tribute,
TUMT3NL1,SNOWY1,Tumut 3 Power Station,NSW1,25,Hydro,NON-SCHEDULED,kml_103,Tumut 3,
TUMT3NL2,SNOWY1,Tumut 3 Power Station,NSW1,25,Hydro,NON-SCHEDULED,kml_103,Tumut 3,
TUMT3NL3,SNOWY1,Tumut 3 Power Station,NSW1,25,Hydro,NON-SCHEDULED,kml_103,Tumut 3,
TUMUT1-1,TUMUT1,TUMUT1,NSW1,82.4,,NON-SCHEDULED,kml_294,Tumut 1 (Upper Tumut),
TUMUT1-2,TUMUT1,TUMUT1,NSW1,82.4,,NON-SCHEDULED,kml_294,Tumut 1 (Upper Tumut),
TUMUT1-3,TUMUT1,TUMUT1,NSW1,82.4,,NON-SCHEDULED,kml_294,Tumut 1 (Upper Tumut),
TUMUT1-4,TUMUT1,TUMUT1,NSW1,82.4,,NON-SCHEDULED,kml_294,Tumut 1 (Upper Tumut),
TUMUT2-1,TUMUT2,TUMUT2,NSW1,71.6,,NON-SCHEDULED,kml_295,Tumut 2 (Upper Tumut),
TUMUT2-2,TUMUT2,TUMUT2,NSW1,71.6,,NON-SCHEDULED,kml_295,Tumut 2 (Upper Tumut),
TUMUT2-3,TUMUT2,TUMUT2,NSW1,71.6,,NON-SCHEDULED,kml_295,Tumut 2 (Upper Tumut),
TUMUT2-4,TUMUT2,TUMUT2,NSW1,71.6,,NON-SCHEDULED,kml_295,Tumut 2 (Upper Tumut),
TUMUT3,SNOWY1,Tumut 3 Power Station,NSW1,1500,Hydro,SCHEDULED,kml_103,Tumut 3,
TUMUT3-1,TUMUT3,TUMUT3,NSW1,250,,NON-SCHEDULED,kml_103,Tumut 3,
TUMUT3-2,TUMUT3,TUMUT3,NSW1,250,,NON-SCHEDULED,kml_103,Tumut 3,
TUMUT3-3,TUMUT3,TUMUT3,NSW1,250,,NON-SCHEDULED,kml_103,Tumut 3,
TUMUT3-4,TUMUT3,TUMUT3,NSW1,250,,NON-SCHEDULED,kml_103,Tumut 3,
TUMUT3-5,TUMUT3,TUMUT3,NSW1,250,,NON-SCHEDULED,kml_103,Tumut 3,
TUMUT3-6,TUMUT3,TUMUT3,NSW1,250,,NON-SCHEDULED,kml_103,Tumut 3,
TUNGATIN,TUNGATIN,Tungatinah Power Station,TAS1,125,Hydro,SCHEDULED,kml_165,Tungatinah,
TVCC201,TVCCPS,Tamar Valley Combined Cycle Power Station,TAS1,208,Natural Gas (Pipeline),SCHEDULED,kml_178,Tamar Valley,
TVPP104,BBP31,Bell Bay Three Power Station,TAS1,58,Natural Gas (Pipeline),SCHEDULED,kml_12,Bell Bay (Bell Bay Three),
UPPTUMUT,SNOWY2,Tumut Power Station,NSW1,616,Hydro,SCHEDULED,kml_294,Tumut 1 (Upper Tumut),
URANQ11,URANQ,Uranquinty Power Station,NSW1,166,Natural Gas (Pipeline),SCHEDULED,kml_296,Uranquinty,
URANQ12,URANQ,Uranquinty Power Station,NSW1,166,Natural Gas (Pipeline),SCHEDULED,kml_296,Uranquinty,
URANQ13,URANQ,Uranquinty Power Station,NSW1,166,Natural Gas (Pipeline),SCHEDULED,kml_296,Uranquinty,
URANQ14,URANQ,Uranquinty Power Station,NSW1,166,Natural Gas (Pipeline),SCHEDULED,kml_296,Uranquinty,
VALDORA1,VALDORA,SCSF,QLD1,15,Solar,NON-SCHEDULED,kml_459,Bulwer Island,SCSF is close to Bulwer Island Power Station
VICMILL1,VICMILL,Victoria Mill,QLD1,24,,NON-SCHEDULED,kml_209,Victoria Sugar Mill,
VP5,VP,"Vales Point ""B"" Power Station",NSW1,660,Black coal,SCHEDULED,kml_297,Vales Point B,
VP6,VP,"Vales Point ""B"" Power Station",NSW1,660,Black coal,SCHEDULED,kml_297,Vales Point B,
VPGS1,VPGS,Valley Power Peaking Facility,VIC1,50,Natural Gas (Pipeline),SCHEDULED,kml_38,Valley (Peaking Facility),
VPGS2,VPGS,Valley Power Peaking Facility,VIC1,50,Natural Gas (Pipeline),SCHEDULED,kml_38,Valley (Peaking Facility),
VPGS3,VPGS,Valley Power Peaking Facility,VIC1,50,Natural Gas (Pipeline),SCHEDULED,kml_38,Valley (Peaking Facility),
VPGS4,VPGS,Valley Power Peaking Facility,VIC1,50,Natural Gas (Pipeline),SCHEDULED,kml_38,Valley (Peaking Facility),
VPGS5,VPGS,Valley Power Peaking Facility,VIC1,50,Natural Gas (Pipeline),SCHEDULED,kml_38,Valley (Peaking Facility),
VPGS6,VPGS,Valley Power Peaking Facility,VIC1,50,Natural Gas (Pipeline),SCHEDULED,kml_38,Valley (Peaking Facility),
VPNL1,VP,"Vales Point ""B"" Power Station",NSW1,25,Black coal,NON-SCHEDULED,kml_297,Vales Point B,
W/HOE#1,WIVENHOE,WIVENHOE POWER STATION,QLD1,250,Hydro,SCHEDULED,kml_184,Wivenhoe Hydroelectric,
W/HOE#2,WIVENHOE,WIVENHOE POWER STATION,QLD1,250,Hydro,SCHEDULED,kml_184,Wivenhoe Hydroelectric,
WATERLWF,WATERLWF,Waterloo Wind Farm,SA1,130,Wind,SEMI-SCHEDULED,kml_51,Waterloo Wind Farm,
WAUBRAWF,WAUBRAWF,WAUBRA WIND FARM,VIC1,192,Wind,NON-SCHEDULED,kml_21,Waubra Wind Farm,
WDLNGN01,WDLNGN,Woodlawn Bioreactor Energy Generation Station,NSW1,7,Landfill biogas methane,NON-SCHEDULED,kml_101,Woodlawn Bioreactor,
WESTCBT1,WESTCBT,Western Suburbs League Club (Campbelltown) Plant,NSW1,1,Diesel oil,NON-SCHEDULED,kml_301,Western Suburbs Leagues Club (Campbelltown),
WESTILL1,WESTILLA,West Illawarra Leagues Club Plant,NSW1,1,Diesel oil,NON-SCHEDULED,kml_300,West Illawarra Leagues Club,
WHILL1,WINDHILL,Windy Hill Wind Farm,QLD1,12,Wind,NON-SCHEDULED,kml_119,Windy Hill Wind Farm,
WHIT1,WHIT1,Whitwood Road Renewable Energy Facility,QLD1,1,Landfill biogas methane,NON-SCHEDULED,kml_134,Whitwood Road,
WILGAPK,WILGAPK,Wilga Park Power Station,NSW1,10,Coal seam methane,NON-SCHEDULED,kml_304,Wilga Park,
WILGB01,WILGAPKB,Wilga Park B,NSW1,6,Coal seam methane,NON-SCHEDULED,kml_304,Wilga Park,
WILLHOV1,WILLHOV,William Hovell Power Station,VIC1,2,Hydro,NON-SCHEDULED,kml_26,Lake William Hovell,
WINGF1_1,WINGF1,Wingfield 1 Landfill Gas Power Station,SA1,5,Landfill biogas methane,NON-SCHEDULED,kml_250,Wingfield I,
WINGF2_1,WINGF2,Wingfield 2 Landfill Gas Power Station,SA1,5,Landfill biogas methane,NON-SCHEDULED,kml_251,Wingfield II,
WIVENSH,WIVENSH,WIVENHOE SMALL HYDRO,QLD1,5,Hydro,NON-SCHEDULED,kml_125,Wivenhoe,
WKIEWA1,WKIEWA,WEST KIEWA POWER STATION,VIC1,31,Hydro,SCHEDULED,kml_155,West Kiewa (Mount Beauty Hydro Scheme),
WKIEWA2,WKIEWA,WEST KIEWA POWER STATION,VIC1,31,Hydro,SCHEDULED,kml_155,West Kiewa (Mount Beauty Hydro Scheme),
WOLLERT1,WOLLERT,Wollert Renewable Energy Facility,VIC1,7,Landfill biogas methane,NON-SCHEDULED,kml_133,Wollert,
WONWP,WONWP,Wonthaggi Wind Farm,VIC1,12,Wind,NON-SCHEDULED,kml_82,Wonthaggi Wind Farm,
WOODLWN1,WOODLWN,Woodlawn Wind Farm,NSW1,48,Wind,SEMI-SCHEDULED,kml_100,Woodlawn Wind Farm,
WOOLNTH1,WOOLNTH1,Woolnorth Studland Bay / Bluff Point Wind Farm,TAS1,65,Wind,NON-SCHEDULED,kml_88,Bluff Point (Woolnorth) Wind Farm,
WOYWOY1,WOYWOY,Woy Woy Landfill Site,NSW1,1,Landfill biogas methane,NON-SCHEDULED,,,
WPWF,WPWF,Wattle Point Wind Farm,SA1,91,Wind,NON-SCHEDULED,kml_52,Wattle Point Wind Farm,
WRWF1,WRWF1,White Rock Wind Farm,NSW1,175,Wind,SEMI-SCHEDULED,kml_107,Lucas Heights I,White Rock Wind Farm is close to Lucas Heights I
WYA252B1,LI_WY_CA,Catagunya / Liapootah / Wayatinah Power Station,TAS1,25,Hydro,NON-SCHEDULED,kml_171,Catagunya,
WYANGALA,WYANGALA,Wyangala A Power Station,NSW1,20,Hydro,NON-SCHEDULED,kml_98,Wyangala A,
WYANGALB,WYANGALB,Wyangala B Power Station,NSW1,4,Hydro,NON-SCHEDULED,kml_98,Wyangala A,Assuming Wyangala B is close to Wyangala A
WYB252B1,LI_WY_CA,Catagunya / Liapootah / Wayatinah Power Station,TAS1,25,Hydro,NON-SCHEDULED,kml_171,Catagunya,
WYNDW,WYNDW,Wyndham Waste Disposal Facility,VIC1,1,Landfill biogas methane,NON-SCHEDULED,kml_132,Wyndham,
YABULU,YABULU,Townsville Gas Turbine,QLD1,160,Natural Gas (Pipeline),SCHEDULED,kml_206,Townsville,
YABULU2,YABULU,Townsville Gas Turbine,QLD1,82,Natural Gas (Pipeline),SCHEDULED,kml_206,Townsville,
YAMBUKWF,YAMBUK,YAMBUK WIND FARM,VIC1,30,Wind,NON-SCHEDULED,kml_17,Yambuk Wind Farm,
YARWUN_1,YARWUN,Yarwun Power Station,QLD1,154,Natural Gas (Pipeline),SCHEDULED,kml_207,Yarwun,
YWNGAHYD,YWNGAHYD,Yarrawonga Hydro Power Station,VIC1,9,Hydro,NON-SCHEDULED,kml_40,Yarrawonga,
YWNL1,YALLOURN,YALLOURN 'W' POWER STATION,VIC1,25,Brown coal,NON-SCHEDULED,kml_33,Yallourn,
YWPS1,YALLOURN,YALLOURN 'W' POWER STATION,VIC1,360,Brown coal,SCHEDULED,kml_33,Yallourn,
YWPS2,YALLOURN,YALLOURN 'W' POWER STATION,VIC1,360,Brown coal,SCHEDULED,kml_33,Yallourn,
YWPS3,YALLOURN,YALLOURN 'W' POWER STATION,VIC1,380,Brown coal,SCHEDULED,kml_33,Yallourn,
YWPS4,YALLOURN,YALLOURN 'W' POWER STATION,VIC1,380,Brown coal,SCHEDULED,kml_33,Yallourn,
