DUID,STATIONID,STATIONNAME,NEM_REGION,NEM_ZONE,NODE,FUEL_TYPE,FUEL_CAT,EMISSIONS,SCHEDULE_TYPE,REG_CAP,MIN_GEN,RR_STARTUP,RR_SHUTDOWN,RR_UP,RR_DOWN,MIN_ON_TIME,MIN_OFF_TIME,SU_COST_COLD,SU_COST_WARM,SU_COST_HOT,VOM,HEAT_RATE,NL_FUEL_CONS,FC_2016-17,SRMC_2016-17
WRWF1,WRWF1,White Rock Wind Farm,NSW1,NCEN,525.0,Wind,Wind,0.0,SEMI-SCHEDULED,175.0,0.0,900.0,180.0,900.0,180.0,1.0,1.0,875.0,350.0,525.0,0.0,3.6,0.0,0.0,0.0
YWPS4,YALLOURN,YALLOURN 'W' POWER STATION,VIC1,LV,276.0,Brown coal,Fossil,1.44707,SCHEDULED,380.0,228.0,130.0,140.0,260.0,260.0,16.0,16.0,133000.0,15200.0,45600.0,1.02,15.31914894,0.1,0.61,10.3646808534
YWPS1,YALLOURN,YALLOURN 'W' POWER STATION,VIC1,LV,276.0,Brown coal,Fossil,1.44707,SCHEDULED,360.0,216.0,130.0,140.0,260.0,260.0,16.0,16.0,126000.0,14400.0,43200.0,0.99,15.31914894,0.1,0.61,10.3346808534
YWPS2,YALLOURN,YALLOURN 'W' POWER STATION,VIC1,LV,276.0,Brown coal,Fossil,1.44707,SCHEDULED,360.0,216.0,130.0,140.0,260.0,260.0,16.0,16.0,126000.0,14400.0,43200.0,1.0,15.31914894,0.1,0.61,10.3446808534
YWPS3,YALLOURN,YALLOURN 'W' POWER STATION,VIC1,LV,276.0,Brown coal,Fossil,1.44707,SCHEDULED,380.0,228.0,130.0,140.0,260.0,260.0,16.0,16.0,133000.0,15200.0,45600.0,1.01,15.31914894,0.1,0.61,10.3546808534
MP2,MP,MT PIPER POWER STATION,NSW1,NCEN,216.0,Black coal,Fossil,0.95395,SCHEDULED,700.0,294.0,140.0,210.0,310.0,310.0,8.0,8.0,245000.0,28000.0,84000.0,1.0,9.72972973,0.1,2.104,21.471351351920003
MP1,MP,MT PIPER POWER STATION,NSW1,NCEN,216.0,Black coal,Fossil,0.95395,SCHEDULED,700.0,294.0,140.0,210.0,310.0,310.0,8.0,8.0,245000.0,28000.0,84000.0,1.0,9.72972973,0.1,2.104,21.471351351920003
BOCORWF1,BOCOROCK,Boco Rock Wind Farm,NSW1,CAN,16.0,Wind,Wind,0.0,SEMI-SCHEDULED,113.0,0.0,620.0,600.0,630.0,620.0,1.0,1.0,565.0,226.0,339.0,0.0,3.6,0.0,0.0,0.0
JLB02,JEERB,"Jeeralang ""B"" Power Station",VIC1,LV,280.0,Natural Gas (Pipeline),Fossil,0.9057799999999999,SCHEDULED,76.0,0.0,360.0,360.0,360.0,360.0,1.0,1.0,7600.0,7600.0,7600.0,10.4,15.72052402,0.3,6.705029246,115.80657331654548
JLB03,JEERB,"Jeeralang ""B"" Power Station",VIC1,LV,280.0,Natural Gas (Pipeline),Fossil,0.9057799999999999,SCHEDULED,76.0,0.0,360.0,360.0,360.0,360.0,1.0,1.0,7600.0,7600.0,7600.0,10.4,15.72052402,0.3,6.705029246,115.80657331654548
JLB01,JEERB,"Jeeralang ""B"" Power Station",VIC1,LV,280.0,Natural Gas (Pipeline),Fossil,0.9057799999999999,SCHEDULED,76.0,0.0,360.0,360.0,360.0,360.0,1.0,1.0,7600.0,7600.0,7600.0,10.4,15.72052402,0.3,6.705029246,115.80657331654548
REECE2,REECE,Reece Power Station,TAS1,TAS,829.0,Hydro,Hydro,0.0,SCHEDULED,116.0,0.0,880.0,890.0,1800.0,1800.0,1.0,1.0,580.0,232.0,348.0,7.0,0.0,0.0,0.0,7.0
REECE1,REECE,Reece Power Station,TAS1,TAS,829.0,Hydro,Hydro,0.0,SCHEDULED,116.0,0.0,880.0,890.0,1800.0,1800.0,1.0,1.0,580.0,232.0,348.0,7.0,0.0,0.0,0.0,7.0
LI_WY_CA,LI_WY_CA,Catagunya / Liapootah / Wayatinah Power Station,TAS1,TAS,87.0,Hydro,Hydro,0.0,SCHEDULED,170.0,0.0,940.0,940.0,2480.0,2480.0,1.0,1.0,850.0,340.0,510.0,7.0,0.0,0.0,0.0,7.0
BRAEMAR1,BRAEMARA,Braemar Power Station,QLD1,SWQ,661.0,Coal seam methane,Fossil,0.66977,SCHEDULED,168.0,0.0,430.0,430.0,460.0,460.0,1.0,1.0,16800.0,16800.0,16800.0,10.4,12.0,0.3,5.745362791,79.34435349200001
BRAEMAR2,BRAEMARA,Braemar Power Station,QLD1,SWQ,661.0,Coal seam methane,Fossil,0.66977,SCHEDULED,168.0,0.0,430.0,430.0,460.0,460.0,1.0,1.0,16800.0,16800.0,16800.0,10.4,12.0,0.3,5.745362791,79.34435349200001
BRAEMAR3,BRAEMARA,Braemar Power Station,QLD1,SWQ,661.0,Coal seam methane,Fossil,0.66977,SCHEDULED,168.0,0.0,430.0,430.0,460.0,460.0,1.0,1.0,16800.0,16800.0,16800.0,10.4,12.0,0.3,5.745362791,79.34435349200001
LD04,LIDDELL,Liddell Power Station,NSW1,NCEN,245.0,Black coal,Fossil,1.02962,SCHEDULED,500.0,219.04761904761904,120.0,100.0,240.0,180.0,8.0,8.0,175000.0,20000.0,60000.0,1.0,10.65088757,0.1,1.463,16.58224851491
LD03,LIDDELL,Liddell Power Station,NSW1,NCEN,245.0,Black coal,Fossil,1.02962,SCHEDULED,500.0,219.04761904761904,120.0,100.0,240.0,180.0,8.0,8.0,175000.0,20000.0,60000.0,1.0,10.65088757,0.1,1.463,16.58224851491
LD01,LIDDELL,Liddell Power Station,NSW1,NCEN,245.0,Black coal,Fossil,1.02962,SCHEDULED,500.0,219.04761904761904,120.0,100.0,240.0,180.0,8.0,8.0,175000.0,20000.0,60000.0,1.0,10.65088757,0.1,1.463,16.58224851491
LD02,LIDDELL,Liddell Power Station,NSW1,NCEN,245.0,Black coal,Fossil,1.02962,SCHEDULED,500.0,219.04761904761904,120.0,100.0,240.0,180.0,8.0,8.0,175000.0,20000.0,60000.0,1.0,10.65088757,0.1,1.463,16.58224851491
VP5,VP,"Vales Point ""B"" Power Station",NSW1,NCEN,292.0,Black coal,Fossil,0.9537200000000001,SCHEDULED,660.0,250.8,130.0,210.0,290.0,220.0,8.0,8.0,231000.0,26400.0,79200.0,1.0,10.16949153,0.1,2.262,24.00338984086
VP6,VP,"Vales Point ""B"" Power Station",NSW1,NCEN,292.0,Black coal,Fossil,0.9537200000000001,SCHEDULED,660.0,250.8,130.0,210.0,290.0,220.0,8.0,8.0,231000.0,26400.0,79200.0,1.0,10.16949153,0.1,2.262,24.00338984086
GULLRWF1,GULLRGWF,Gullen Range Wind Farm,NSW1,CAN,415.0,Wind,Wind,0.0,SEMI-SCHEDULED,166.0,0.0,5000.0,5000.0,5000.0,5000.0,1.0,1.0,830.0,332.0,498.0,0.0,3.6,0.0,0.0,0.0
MORTLK12,MORTLK,Mortlake Power Station,VIC1,MEL,620.0,Natural Gas (Pipeline),Fossil,0.57917,SCHEDULED,283.0,0.0,780.0,780.0,780.0,780.0,1.0,1.0,28300.0,28300.0,28300.0,10.4,11.25,0.3,7.745979944,97.54227437
MORTLK11,MORTLK,Mortlake Power Station,VIC1,MEL,620.0,Natural Gas (Pipeline),Fossil,0.57917,SCHEDULED,283.0,0.0,780.0,780.0,780.0,780.0,1.0,1.0,28300.0,28300.0,28300.0,10.4,11.25,0.3,7.745979944,97.54227437
GSTONE1,G/STONE,GLADSTONE POWER STATION,QLD1,CQ,437.0,Black coal,Fossil,1.0495,SCHEDULED,280.0,110.0,180.0,190.0,290.0,300.0,8.0,8.0,98000.0,11200.0,33600.0,1.0,10.22727273,0.1,2.184,23.33636364232
GSTONE2,G/STONE,GLADSTONE POWER STATION,QLD1,CQ,437.0,Black coal,Fossil,1.0495,SCHEDULED,280.0,110.0,180.0,190.0,290.0,300.0,8.0,8.0,98000.0,11200.0,33600.0,1.0,10.22727273,0.1,2.184,23.33636364232
GSTONE5,G/STONE,GLADSTONE POWER STATION,QLD1,CQ,437.0,Black coal,Fossil,1.0495,SCHEDULED,280.0,110.0,180.0,190.0,290.0,300.0,8.0,8.0,98000.0,11200.0,33600.0,1.0,10.22727273,0.1,2.184,23.33636364232
GSTONE6,G/STONE,GLADSTONE POWER STATION,QLD1,CQ,437.0,Black coal,Fossil,1.0495,SCHEDULED,280.0,110.0,180.0,190.0,290.0,300.0,8.0,8.0,98000.0,11200.0,33600.0,1.0,10.22727273,0.1,2.184,23.33636364232
GSTONE3,G/STONE,GLADSTONE POWER STATION,QLD1,CQ,437.0,Black coal,Fossil,1.0495,SCHEDULED,280.0,110.0,180.0,190.0,290.0,300.0,8.0,8.0,98000.0,11200.0,33600.0,1.0,10.22727273,0.1,2.184,23.33636364232
GSTONE4,G/STONE,GLADSTONE POWER STATION,QLD1,CQ,437.0,Black coal,Fossil,1.0495,SCHEDULED,280.0,110.0,180.0,190.0,290.0,300.0,8.0,8.0,98000.0,11200.0,33600.0,1.0,10.22727273,0.1,2.184,23.33636364232
DRYCGT1,DRYCGT,Dry Creek Gas Turbine Station,SA1,ADE,121.0,Natural Gas (Pipeline),Fossil,1.35599,SCHEDULED,52.0,0.0,300.0,300.0,300.0,300.0,1.0,1.0,5200.0,5200.0,5200.0,10.4,13.84615385,0.3,7.223998176,110.42459015701539
DRYCGT2,DRYCGT,Dry Creek Gas Turbine Station,SA1,ADE,121.0,Natural Gas (Pipeline),Fossil,1.35599,SCHEDULED,52.0,0.0,300.0,300.0,300.0,300.0,1.0,1.0,5200.0,5200.0,5200.0,10.4,13.84615385,0.3,7.223998176,110.42459015701539
DRYCGT3,DRYCGT,Dry Creek Gas Turbine Station,SA1,ADE,121.0,Natural Gas (Pipeline),Fossil,1.35599,SCHEDULED,52.0,0.0,300.0,300.0,300.0,300.0,1.0,1.0,5200.0,5200.0,5200.0,10.4,13.84615385,0.3,7.223998176,110.42459015701539
ROMA_7,ROMA,Roma Gas Turbine Station,QLD1,SWQ,90.0,Natural Gas (Pipeline),Fossil,0.76408,SCHEDULED,40.0,0.0,480.0,480.0,480.0,480.0,1.0,1.0,4000.0,4000.0,4000.0,10.4,12.0,0.3,6.0,82.4
ROMA_8,ROMA,Roma Gas Turbine Station,QLD1,SWQ,90.0,Natural Gas (Pipeline),Fossil,0.76408,SCHEDULED,40.0,0.0,480.0,480.0,480.0,480.0,1.0,1.0,4000.0,4000.0,4000.0,10.4,12.0,0.3,6.0,82.4
HUMENSW,HUMENSW,Hume (NSW) Hydro Power Station,NSW1,SWNSW,734.0,Hydro,Hydro,0.0,SCHEDULED,29.0,4.0600000000000005,180.0,180.0,180.0,180.0,1.0,1.0,145.0,58.0,87.0,7.0,0.0,0.0,0.0,7.0
YABULU2,YABULU,Townsville Gas Turbine,QLD1,NQ,360.0,Natural Gas (Pipeline),Fossil,0.52449,SCHEDULED,82.0,0.0,770.0,770.0,340.0,340.0,4.0,4.0,2050.0,410.0,1230.0,7.0,7.826086957,0.3,5.621869767,50.99724165747133
YABULU,YABULU,Townsville Gas Turbine,QLD1,NQ,360.0,Natural Gas (Pipeline),Fossil,0.52449,SCHEDULED,160.0,0.0,770.0,770.0,340.0,340.0,4.0,4.0,4000.0,800.0,2400.0,7.0,7.826086957,0.3,5.621869767,50.99724165747133
BLUFF1,BLUFF,The Bluff Wind Farm,SA1,NSA,9.0,Wind,Wind,0.0,SEMI-SCHEDULED,53.0,0.0,120.0,120.0,120.0,120.0,1.0,1.0,265.0,106.0,159.0,0.0,3.6,0.0,0.0,0.0
TALWA1,TALLAWAR,Tallawarra Power Station,NSW1,NCEN,514.0,Natural Gas (Pipeline),Fossil,0.46096000000000004,SCHEDULED,440.0,0.0,180.0,180.0,360.0,360.0,4.0,4.0,11000.0,2200.0,6600.0,7.0,7.2,0.3,5.825201823,48.9414531256
TARALGA1,TARALGA,Taralga Wind Farm,NSW1,NCEN,512.0,Wind,Wind,0.0,SEMI-SCHEDULED,106.0,0.0,620.0,600.0,630.0,620.0,1.0,1.0,530.0,212.0,318.0,0.0,3.6,0.0,0.0,0.0
BLOWERNG,SNOWY6,Blowering Power Station,NSW1,CAN,506.0,Hydro,Hydro,0.0,SCHEDULED,80.0,4.8,120.0,120.0,120.0,120.0,1.0,1.0,400.0,160.0,240.0,7.0,0.0,0.0,0.0,7.0
TORRB4,TORRIS,TORRENS ISLAND POWER STATION,SA1,ADE,122.0,Natural Gas (Pipeline),Fossil,0.71521,SCHEDULED,200.0,0.0,410.0,280.0,450.0,300.0,1.0,1.0,4000.0,1000.0,2000.0,2.1,11.25,0.3,6.362112901,73.67377013624998
TORRB3,TORRIS,TORRENS ISLAND POWER STATION,SA1,ADE,122.0,Natural Gas (Pipeline),Fossil,0.71521,SCHEDULED,200.0,0.0,410.0,280.0,450.0,300.0,1.0,1.0,4000.0,1000.0,2000.0,2.1,11.25,0.3,6.362112901,73.67377013624998
TORRB2,TORRIS,TORRENS ISLAND POWER STATION,SA1,ADE,122.0,Natural Gas (Pipeline),Fossil,0.71521,SCHEDULED,200.0,0.0,410.0,280.0,450.0,300.0,1.0,1.0,4000.0,1000.0,2000.0,2.1,11.25,0.3,6.362112901,73.67377013624998
TORRA2,TORRIS,TORRENS ISLAND POWER STATION,SA1,ADE,796.0,Natural Gas (Pipeline),Fossil,0.7439899999999999,SCHEDULED,120.0,0.0,220.0,40.0,290.0,300.0,1.0,1.0,2400.0,600.0,1200.0,2.1,12.0,0.3,6.362112901,78.44535481199999
TORRA1,TORRIS,TORRENS ISLAND POWER STATION,SA1,ADE,796.0,Natural Gas (Pipeline),Fossil,0.7439899999999999,SCHEDULED,120.0,0.0,220.0,40.0,290.0,300.0,1.0,1.0,2400.0,600.0,1200.0,2.1,12.0,0.3,6.362112901,78.44535481199999
TORRB1,TORRIS,TORRENS ISLAND POWER STATION,SA1,ADE,122.0,Natural Gas (Pipeline),Fossil,0.71521,SCHEDULED,200.0,0.0,410.0,280.0,450.0,300.0,1.0,1.0,4000.0,1000.0,2000.0,2.1,11.25,0.3,6.362112901,73.67377013624998
TORRA3,TORRIS,TORRENS ISLAND POWER STATION,SA1,ADE,796.0,Natural Gas (Pipeline),Fossil,0.7439899999999999,SCHEDULED,120.0,0.0,220.0,40.0,290.0,300.0,1.0,1.0,2400.0,600.0,1200.0,2.1,12.0,0.3,6.362112901,78.44535481199999
TORRA4,TORRIS,TORRENS ISLAND POWER STATION,SA1,ADE,796.0,Natural Gas (Pipeline),Fossil,0.7439899999999999,SCHEDULED,120.0,0.0,220.0,40.0,290.0,300.0,1.0,1.0,2400.0,600.0,1200.0,2.1,12.0,0.3,6.362112901,78.44535481199999
QPS1,QUARANTN,Quarantine Power Station,SA1,ADE,130.0,Natural Gas (Pipeline),Fossil,0.83996,SCHEDULED,24.0,0.0,600.0,600.0,600.0,600.0,1.0,1.0,2400.0,2400.0,2400.0,10.4,11.25,0.3,6.629058547,84.97690865375
QPS3,QUARANTN,Quarantine Power Station,SA1,ADE,130.0,Natural Gas (Pipeline),Fossil,0.83996,SCHEDULED,24.0,0.0,600.0,600.0,600.0,600.0,1.0,1.0,2400.0,2400.0,2400.0,10.4,11.25,0.3,6.629058547,84.97690865375
QPS2,QUARANTN,Quarantine Power Station,SA1,ADE,130.0,Natural Gas (Pipeline),Fossil,0.83996,SCHEDULED,24.0,0.0,600.0,600.0,600.0,600.0,1.0,1.0,2400.0,2400.0,2400.0,10.4,11.25,0.3,6.629058547,84.97690865375
QPS5,QUARANTN,Quarantine Power Station,SA1,ADE,130.0,Natural Gas (Pipeline),Fossil,0.83996,SCHEDULED,128.0,0.0,600.0,600.0,600.0,600.0,1.0,1.0,12800.0,12800.0,12800.0,10.4,11.25,0.3,6.629058547,84.97690865375
QPS4,QUARANTN,Quarantine Power Station,SA1,ADE,130.0,Natural Gas (Pipeline),Fossil,0.83996,SCHEDULED,24.0,0.0,600.0,600.0,600.0,600.0,1.0,1.0,2400.0,2400.0,2400.0,10.4,11.25,0.3,6.629058547,84.97690865375
DARTM1,DARTM,DARTMOUTH POWER STATION,VIC1,NVIC,739.0,Hydro,Hydro,0.0,SCHEDULED,150.0,18.0,3270.0,3270.0,3120.0,3010.0,1.0,1.0,750.0,300.0,450.0,7.0,0.0,0.0,0.0,7.0
BROKENH1,BROKENH,Broken Hill Solar Plant,NSW1,SWNSW,469.0,Solar,Solar,0.0,SEMI-SCHEDULED,53.0,0.0,1200.0,1200.0,1200.0,1200.0,0.0,0.0,0.0,0.0,0.0,0.0,3.6,0.0,0.0,0.0
MPP_2,MILLMERN,Millmerran Power Plant,QLD1,SWQ,561.0,Black coal,Fossil,0.8920899999999999,SCHEDULED,426.0,170.4,60.0,60.0,60.0,60.0,8.0,8.0,149100.0,17040.0,51120.0,3.1,9.756097561,0.1,1.249,15.285365853689001
MPP_1,MILLMERN,Millmerran Power Plant,QLD1,SWQ,561.0,Black coal,Fossil,0.8920899999999999,SCHEDULED,426.0,170.4,60.0,60.0,60.0,60.0,8.0,8.0,149100.0,17040.0,51120.0,3.1,9.756097561,0.1,1.249,15.285365853689001
WKIEWA1,WKIEWA,WEST KIEWA POWER STATION,VIC1,NVIC,738.0,Hydro,Hydro,0.0,SCHEDULED,31.0,0.0,600.0,600.0,600.0,600.0,1.0,1.0,155.0,62.0,93.0,7.0,0.0,0.0,0.0,7.0
WKIEWA2,WKIEWA,WEST KIEWA POWER STATION,VIC1,NVIC,738.0,Hydro,Hydro,0.0,SCHEDULED,31.0,0.0,600.0,600.0,600.0,600.0,1.0,1.0,155.0,62.0,93.0,7.0,0.0,0.0,0.0,7.0
MSTUART1,MSTUART,Mt Stuart Power Station,QLD1,NQ,357.0,Kerosene - non aviation,Fossil,1.00862,SCHEDULED,144.0,0.0,600.0,590.0,600.0,600.0,1.0,1.0,14400.0,14400.0,14400.0,10.4,12.0,0.3,5.990506562,82.28607874400001
MSTUART2,MSTUART,Mt Stuart Power Station,QLD1,NQ,357.0,Kerosene - non aviation,Fossil,1.00862,SCHEDULED,144.0,0.0,600.0,590.0,600.0,600.0,1.0,1.0,14400.0,14400.0,14400.0,10.4,12.0,0.3,5.990506562,82.28607874400001
MSTUART3,MSTUART,Mt Stuart Power Station,QLD1,NQ,357.0,Kerosene - non aviation,Fossil,1.00862,SCHEDULED,131.0,0.0,600.0,590.0,600.0,600.0,1.0,1.0,13100.0,13100.0,13100.0,10.4,12.0,0.3,5.990506562,82.28607874400001
W/HOE#1,WIVENHOE,WIVENHOE POWER STATION,QLD1,SEQ,345.0,Hydro,Hydro,0.0,SCHEDULED,250.0,62.5,7200.0,7200.0,7200.0,7200.0,1.0,1.0,1250.0,500.0,750.0,7.0,0.0,0.0,0.0,7.0
W/HOE#2,WIVENHOE,WIVENHOE POWER STATION,QLD1,SEQ,345.0,Hydro,Hydro,0.0,SCHEDULED,250.0,62.5,7200.0,7200.0,7200.0,7200.0,1.0,1.0,1250.0,500.0,750.0,7.0,0.0,0.0,0.0,7.0
TARONG#1,TARONG,TARONG POWER STATION,QLD1,SWQ,455.0,Black coal,Fossil,0.9411700000000001,SCHEDULED,350.0,140.0,200.0,200.0,240.0,240.0,8.0,8.0,122500.0,14000.0,42000.0,3.1,9.944751381,0.1,2.766,30.607182319846
TARONG#4,TARONG,TARONG POWER STATION,QLD1,SWQ,455.0,Black coal,Fossil,0.9411700000000001,SCHEDULED,350.0,140.0,200.0,200.0,240.0,240.0,8.0,8.0,122500.0,14000.0,42000.0,3.1,9.944751381,0.1,2.766,30.607182319846
TARONG#2,TARONG,TARONG POWER STATION,QLD1,SWQ,455.0,Black coal,Fossil,0.9411700000000001,SCHEDULED,350.0,140.0,200.0,200.0,240.0,240.0,8.0,8.0,122500.0,14000.0,42000.0,3.1,9.944751381,0.1,2.766,30.607182319846
TARONG#3,TARONG,TARONG POWER STATION,QLD1,SWQ,455.0,Black coal,Fossil,0.9411700000000001,SCHEDULED,350.0,140.0,200.0,200.0,240.0,240.0,8.0,8.0,122500.0,14000.0,42000.0,3.1,9.944751381,0.1,2.766,30.607182319846
BRAEMAR7,B2PS,BRAEMAR 2 POWER STATION,QLD1,SWQ,662.0,Coal seam methane,Fossil,0.6913699999999999,SCHEDULED,173.0,0.0,680.0,660.0,660.0,660.0,1.0,1.0,17300.0,17300.0,17300.0,10.4,12.0,0.3,5.745362791,79.34435349200001
BRAEMAR5,B2PS,BRAEMAR 2 POWER STATION,QLD1,SWQ,662.0,Coal seam methane,Fossil,0.6913699999999999,SCHEDULED,173.0,0.0,680.0,660.0,660.0,660.0,1.0,1.0,17300.0,17300.0,17300.0,10.4,12.0,0.3,5.745362791,79.34435349200001
BRAEMAR6,B2PS,BRAEMAR 2 POWER STATION,QLD1,SWQ,662.0,Coal seam methane,Fossil,0.6913699999999999,SCHEDULED,173.0,0.0,680.0,660.0,660.0,660.0,1.0,1.0,17300.0,17300.0,17300.0,10.4,12.0,0.3,5.745362791,79.34435349200001
DEVILS_G,DEVILS_G,Devils Gate Power Station,TAS1,TAS,268.0,Hydro,Hydro,0.0,SCHEDULED,60.0,4.8,1070.0,1070.0,1790.0,1790.0,1.0,1.0,300.0,120.0,180.0,7.0,0.0,0.0,0.0,7.0
DDPS1,DDPS1,Darling Downs Power Station,QLD1,SWQ,668.0,Natural Gas (Pipeline),Fossil,0.5062399999999999,SCHEDULED,644.0,0.0,490.0,490.0,380.0,380.0,4.0,4.0,16100.0,3220.0,9660.0,7.0,7.826086957,0.3,5.745362791,51.96370880187822
TUNGATIN,TUNGATIN,Tungatinah Power Station,TAS1,TAS,825.0,Hydro,Hydro,0.0,SCHEDULED,125.0,0.0,590.0,590.0,1930.0,1930.0,1.0,1.0,625.0,250.0,375.0,7.0,0.0,0.0,0.0,7.0
LEM_WIL,LEM_WIL,Lemonthyme / Wilmot Power Station,TAS1,TAS,377.0,Hydro,Hydro,0.0,SCHEDULED,82.0,0.0,400.0,400.0,1170.0,1170.0,1.0,1.0,410.0,164.0,246.0,7.0,0.0,0.0,0.0,7.0
TRIBUTE,TRIBUTE,Tribute Power Station,TAS1,TAS,625.0,Hydro,Hydro,0.0,SCHEDULED,83.0,0.0,800.0,800.0,1780.0,1780.0,1.0,1.0,415.0,166.0,249.0,7.0,0.0,0.0,0.0,7.0
BBTHREE1,BBP31,Bell Bay Three Power Station,TAS1,TAS,778.0,Natural Gas (Pipeline),Fossil,0.68462,SCHEDULED,35.0,0.0,600.0,600.0,600.0,600.0,1.0,1.0,3500.0,3500.0,3500.0,10.4,12.4137931,0.3,6.617023256,92.54235763787234
BBTHREE2,BBP31,Bell Bay Three Power Station,TAS1,TAS,778.0,Natural Gas (Pipeline),Fossil,0.68462,SCHEDULED,35.0,0.0,600.0,600.0,600.0,600.0,1.0,1.0,3500.0,3500.0,3500.0,10.4,12.4137931,0.3,6.617023256,92.54235763787234
BBTHREE3,BBP31,Bell Bay Three Power Station,TAS1,TAS,778.0,Natural Gas (Pipeline),Fossil,0.68462,SCHEDULED,35.0,0.0,600.0,600.0,600.0,600.0,1.0,1.0,3500.0,3500.0,3500.0,10.4,12.4137931,0.3,6.617023256,92.54235763787234
TVPP104,BBP31,Bell Bay Three Power Station,TAS1,TAS,778.0,Natural Gas (Pipeline),Fossil,0.70965,SCHEDULED,58.0,0.0,600.0,600.0,600.0,600.0,1.0,1.0,5800.0,5800.0,5800.0,10.4,12.85714286,0.3,6.617023256,95.47601331033437
LNGS1,LNGS,Laverton North Power Station,VIC1,MEL,742.0,Natural Gas (Pipeline),Fossil,0.81463783,SCHEDULED,156.0,0.0,3330.0,920.0,3330.0,680.0,1.0,1.0,15600.0,15600.0,15600.0,10.4,11.84210526,0.3,6.210841538,83.9494392461763
LNGS2,LNGS,Laverton North Power Station,VIC1,MEL,742.0,Natural Gas (Pipeline),Fossil,0.81463783,SCHEDULED,156.0,0.0,3330.0,920.0,3330.0,680.0,1.0,1.0,15600.0,15600.0,15600.0,10.4,11.84210526,0.3,6.210841538,83.9494392461763
JLA02,JEERA,"Jeeralang ""A"" Power Station",VIC1,LV,279.0,Natural Gas (Pipeline),Fossil,0.9057799999999999,SCHEDULED,51.0,0.0,540.0,540.0,540.0,540.0,1.0,1.0,5100.0,5100.0,5100.0,10.4,15.72052402,0.3,6.705029246,115.80657331654548
JLA01,JEERA,"Jeeralang ""A"" Power Station",VIC1,LV,279.0,Natural Gas (Pipeline),Fossil,0.9057799999999999,SCHEDULED,51.0,0.0,540.0,540.0,540.0,540.0,1.0,1.0,5100.0,5100.0,5100.0,10.4,15.72052402,0.3,6.705029246,115.80657331654548
JLA03,JEERA,"Jeeralang ""A"" Power Station",VIC1,LV,279.0,Natural Gas (Pipeline),Fossil,0.9057799999999999,SCHEDULED,51.0,0.0,540.0,540.0,540.0,540.0,1.0,1.0,5100.0,5100.0,5100.0,10.4,15.72052402,0.3,6.705029246,115.80657331654548
JLA04,JEERA,"Jeeralang ""A"" Power Station",VIC1,LV,279.0,Natural Gas (Pipeline),Fossil,0.9057799999999999,SCHEDULED,51.0,0.0,540.0,540.0,540.0,540.0,1.0,1.0,5100.0,5100.0,5100.0,10.4,15.72052402,0.3,6.705029246,115.80657331654548
HVGTS,HUNTVGT,Hunter Valley Gas Turbine,NSW1,NCEN,244.0,Kerosene - non aviation,Fossil,0.9423299999999999,SCHEDULED,50.0,0.0,60.0,60.0,60.0,60.0,1.0,1.0,5000.0,5000.0,5000.0,10.4,12.85714286,0.3,7.150907655,102.3402412990026
LK_ECHO,LK_ECHO,Lake Echo Power Station,TAS1,TAS,425.0,Hydro,Hydro,0.0,SCHEDULED,32.0,0.0,1000.0,1000.0,1000.0,1000.0,1.0,1.0,160.0,64.0,96.0,7.0,0.0,0.0,0.0,7.0
BASTYAN,BASTYAN,Bastyan Power Station,TAS1,TAS,431.0,Hydro,Hydro,0.0,SCHEDULED,80.0,0.05600000000000001,740.0,740.0,1790.0,1790.0,1.0,1.0,400.0,160.0,240.0,7.0,0.0,0.0,0.0,7.0
MINTARO,MINTARO,Mintaro Gas Turbine Station,SA1,NSA,868.0,Natural Gas (Pipeline),Fossil,0.9619,SCHEDULED,90.0,0.0,300.0,300.0,300.0,300.0,1.0,1.0,9000.0,9000.0,9000.0,10.4,12.85714286,0.3,7.082565617,101.46155795309305
EILDON1,EILDON,EILDON POWER STATION,VIC1,NVIC,199.0,Hydro,Hydro,0.0,SCHEDULED,60.0,18.0,900.0,900.0,900.0,900.0,1.0,1.0,300.0,120.0,180.0,7.0,0.0,0.0,0.0,7.0
EILDON2,EILDON,EILDON POWER STATION,VIC1,NVIC,199.0,Hydro,Hydro,0.0,SCHEDULED,60.0,18.0,900.0,900.0,900.0,900.0,1.0,1.0,300.0,120.0,180.0,7.0,0.0,0.0,0.0,7.0
UPPTUMUT,SNOWY2,Tumut Power Station,NSW1,CAN,507.0,Hydro,Hydro,0.0,SCHEDULED,616.0,0.0,7630.0,1840.0,7790.0,1800.0,1.0,1.0,3080.0,1232.0,1848.0,7.0,0.0,0.0,0.0,7.0
GORDON,GORDON,Gordon Power Station,TAS1,TAS,940.0,Hydro,Hydro,0.0,SCHEDULED,432.0,0.0,2890.0,2780.0,5250.0,140.0,1.0,1.0,2160.0,864.0,1296.0,7.0,0.0,0.0,0.0,7.0
MOREESF1,MOREESF,MOREE SOLAR FARM,NSW1,NNS,567.0,Solar,Solar,0.0,SEMI-SCHEDULED,57.0,0.0,3600.0,3600.0,3600.0,3600.0,0.0,0.0,0.0,0.0,0.0,0.0,3.6,0.0,0.0,0.0
TREVALLN,TREVALLN,Trevallyn Power Station,TAS1,TAS,696.0,Hydro,Hydro,0.0,SCHEDULED,93.0,0.0,500.0,500.0,1710.0,1710.0,1.0,1.0,465.0,186.0,279.0,7.0,0.0,0.0,0.0,7.0
TVCC201,TVCCPS,Tamar Valley Combined Cycle Power Station,TAS1,TAS,374.0,Natural Gas (Pipeline),Fossil,0.45191000000000003,SCHEDULED,208.0,0.0,430.0,430.0,110.0,540.0,4.0,4.0,5200.0,1040.0,3120.0,7.0,7.5,0.3,6.617023256,56.627674420000005
LKBONNY2,LKBONNY_2,Lake Bonney Stage 2 Windfarm,SA1,SESA,658.0,Wind,Wind,0.0,SEMI-SCHEDULED,159.0,0.0,780.0,780.0,780.0,780.0,1.0,1.0,795.0,318.0,477.0,0.0,3.6,0.0,0.0,0.0
HUMEV,HUMEV,Hume (Vic) Hydro Power Station,NSW1,SWNSW,734.0,Hydro,Hydro,0.0,SCHEDULED,29.0,4.0600000000000005,180.0,180.0,180.0,180.0,1.0,1.0,145.0,58.0,87.0,7.0,0.0,0.0,0.0,7.0
LKBONNY3,LKBONNY3,Lake Bonney Stage 3 Wind Farm,SA1,SESA,655.0,Wind,Wind,0.0,SEMI-SCHEDULED,39.0,0.0,900.0,180.0,900.0,180.0,1.0,1.0,195.0,78.0,117.0,0.0,3.6,0.0,0.0,0.0
BDL01,DEIBDL,Bairnsdale Power Station,VIC1,LV,88.0,Natural Gas (Pipeline),Fossil,0.57086,SCHEDULED,47.0,0.0,240.0,240.0,240.0,240.0,1.0,1.0,4700.0,4700.0,4700.0,10.4,10.58823529,0.3,6.213779014,76.19295424029622
BDL02,DEIBDL,Bairnsdale Power Station,VIC1,LV,88.0,Natural Gas (Pipeline),Fossil,0.57086,SCHEDULED,47.0,0.0,240.0,240.0,240.0,240.0,1.0,1.0,4700.0,4700.0,4700.0,10.4,10.58823529,0.3,6.213779014,76.19295424029622
YARWUN_1,YARWUN,Yarwun Power Station,QLD1,CQ,703.0,Natural Gas (Pipeline),Fossil,0.62552,SCHEDULED,154.0,0.0,600.0,600.0,600.0,600.0,1.0,1.0,3850.0,770.0,2310.0,7.0,10.58823529,0.3,4.103447547,50.448268127809335
BARRON-2,BARRON,Barron Gorge Power Station,QLD1,NQ,156.0,Hydro,Hydro,0.0,SCHEDULED,30.0,0.0,180.0,180.0,180.0,180.0,1.0,1.0,150.0,60.0,90.0,7.0,0.0,0.0,0.0,7.0
BARRON-1,BARRON,Barron Gorge Power Station,QLD1,NQ,156.0,Hydro,Hydro,0.0,SCHEDULED,30.0,0.0,180.0,180.0,180.0,180.0,1.0,1.0,150.0,60.0,90.0,7.0,0.0,0.0,0.0,7.0
CALL_B_1,CALLIDE,Callide Power Station,QLD1,CQ,931.0,Black coal,Fossil,1.01516,SCHEDULED,350.0,171.5,180.0,180.0,190.0,190.0,8.0,8.0,122500.0,14000.0,42000.0,1.0,9.972299169,0.1,2.12,22.14127423828
CALL_B_2,CALLIDE,Callide Power Station,QLD1,CQ,931.0,Black coal,Fossil,1.01516,SCHEDULED,350.0,171.5,180.0,180.0,190.0,190.0,8.0,8.0,122500.0,14000.0,42000.0,1.0,9.972299169,0.1,2.12,22.14127423828
KAREEYA4,KAREEYA,KAREEYA POWER STATION,QLD1,NQ,751.0,Hydro,Hydro,0.0,SCHEDULED,21.0,5.25,300.0,120.0,300.0,120.0,1.0,1.0,105.0,42.0,63.0,7.0,0.0,0.0,0.0,7.0
KAREEYA2,KAREEYA,KAREEYA POWER STATION,QLD1,NQ,751.0,Hydro,Hydro,0.0,SCHEDULED,21.0,5.25,300.0,120.0,300.0,120.0,1.0,1.0,105.0,42.0,63.0,7.0,0.0,0.0,0.0,7.0
KAREEYA1,KAREEYA,KAREEYA POWER STATION,QLD1,NQ,751.0,Hydro,Hydro,0.0,SCHEDULED,21.0,5.25,300.0,120.0,300.0,120.0,1.0,1.0,105.0,42.0,63.0,7.0,0.0,0.0,0.0,7.0
KAREEYA3,KAREEYA,KAREEYA POWER STATION,QLD1,NQ,751.0,Hydro,Hydro,0.0,SCHEDULED,21.0,5.25,300.0,120.0,300.0,120.0,1.0,1.0,105.0,42.0,63.0,7.0,0.0,0.0,0.0,7.0
OAKEY1,OAKEY,OAKEY POWER STATION,QLD1,SWQ,366.0,Natural Gas (Pipeline),Fossil,0.8537299999999999,SCHEDULED,141.0,0.0,660.0,660.0,660.0,660.0,1.0,1.0,14100.0,14100.0,14100.0,10.4,11.04294479,0.3,6.6942,84.323681013218
OAKEY2,OAKEY,OAKEY POWER STATION,QLD1,SWQ,366.0,Natural Gas (Pipeline),Fossil,0.8537299999999999,SCHEDULED,141.0,0.0,660.0,660.0,660.0,660.0,1.0,1.0,14100.0,14100.0,14100.0,10.4,11.04294479,0.3,6.6942,84.323681013218
VPGS3,VPGS,Valley Power Peaking Facility,VIC1,LV,775.0,Natural Gas (Pipeline),Fossil,0.88032961,SCHEDULED,50.0,0.0,3360.0,600.0,3600.0,600.0,1.0,1.0,5000.0,5000.0,5000.0,10.4,15.0,0.3,6.213779014,103.60668521000001
VPGS4,VPGS,Valley Power Peaking Facility,VIC1,LV,775.0,Natural Gas (Pipeline),Fossil,0.88032961,SCHEDULED,50.0,0.0,3360.0,600.0,3600.0,600.0,1.0,1.0,5000.0,5000.0,5000.0,10.4,15.0,0.3,6.213779014,103.60668521000001
VPGS2,VPGS,Valley Power Peaking Facility,VIC1,LV,775.0,Natural Gas (Pipeline),Fossil,0.88032961,SCHEDULED,50.0,0.0,3360.0,600.0,3600.0,600.0,1.0,1.0,5000.0,5000.0,5000.0,10.4,15.0,0.3,6.213779014,103.60668521000001
VPGS1,VPGS,Valley Power Peaking Facility,VIC1,LV,775.0,Natural Gas (Pipeline),Fossil,0.88032961,SCHEDULED,50.0,0.0,3360.0,600.0,3600.0,600.0,1.0,1.0,5000.0,5000.0,5000.0,10.4,15.0,0.3,6.213779014,103.60668521000001
VPGS5,VPGS,Valley Power Peaking Facility,VIC1,LV,775.0,Natural Gas (Pipeline),Fossil,0.88032961,SCHEDULED,50.0,0.0,3360.0,600.0,3600.0,600.0,1.0,1.0,5000.0,5000.0,5000.0,10.4,15.0,0.3,6.213779014,103.60668521000001
VPGS6,VPGS,Valley Power Peaking Facility,VIC1,LV,775.0,Natural Gas (Pipeline),Fossil,0.88032961,SCHEDULED,50.0,0.0,3360.0,600.0,3600.0,600.0,1.0,1.0,5000.0,5000.0,5000.0,10.4,15.0,0.3,6.213779014,103.60668521000001
OSB-AG,OSBORNE,OSBORNE POWER STATION,SA1,ADE,122.0,Natural Gas (Pipeline),Fossil,0.57192,SCHEDULED,180.0,0.0,170.0,170.0,160.0,160.0,4.0,4.0,4500.0,900.0,2700.0,7.0,8.571428571,0.3,6.629058547,63.820501828587545
OAKLAND1,OAKLAND,Oaklands Hill Wind Farm,VIC1,MEL,619.0,Wind,Wind,0.0,SEMI-SCHEDULED,67.0,0.0,620.0,600.0,630.0,620.0,1.0,1.0,335.0,134.0,201.0,0.0,3.6,0.0,0.0,0.0
NYNGAN1,NYNGAN,Nyngan Solar Plant,NSW1,NCEN,573.0,Solar,Solar,0.0,SEMI-SCHEDULED,102.0,0.0,1200.0,1200.0,1200.0,1200.0,0.0,0.0,0.0,0.0,0.0,0.0,3.6,0.0,0.0,0.0
CETHANA,CETHANA,Cethana Power Station,TAS1,TAS,615.0,Hydro,Hydro,0.0,SCHEDULED,85.0,0.0,1260.0,1260.0,1790.0,1790.0,1.0,1.0,425.0,170.0,255.0,7.0,0.0,0.0,0.0,7.0
MUSSELR1,MUSSELRO,Musselroe Wind Farm,TAS1,TAS,374.0,Wind,Wind,0.0,SEMI-SCHEDULED,168.0,0.0,9740.0,9740.0,10080.0,10080.0,1.0,1.0,840.0,336.0,504.0,0.0,3.6,0.0,0.0,0.0
CG1,COLONGRA,Colongra Power Station,NSW1,NCEN,162.0,Natural Gas (Pipeline),Fossil,0.7903899999999999,SCHEDULED,181.0,0.0,720.0,720.0,720.0,720.0,1.0,1.0,18100.0,18100.0,18100.0,8.3,11.25,0.3,5.825201823,73.83352050875
CG2,COLONGRA,Colongra Power Station,NSW1,NCEN,162.0,Natural Gas (Pipeline),Fossil,0.7903899999999999,SCHEDULED,181.0,0.0,720.0,720.0,720.0,720.0,1.0,1.0,18100.0,18100.0,18100.0,8.3,11.25,0.3,5.825201823,73.83352050875
CG3,COLONGRA,Colongra Power Station,NSW1,NCEN,162.0,Natural Gas (Pipeline),Fossil,0.7903899999999999,SCHEDULED,181.0,0.0,720.0,720.0,720.0,720.0,1.0,1.0,18100.0,18100.0,18100.0,8.3,11.25,0.3,5.825201823,73.83352050875
CG4,COLONGRA,Colongra Power Station,NSW1,NCEN,162.0,Natural Gas (Pipeline),Fossil,0.7903899999999999,SCHEDULED,181.0,0.0,720.0,720.0,720.0,720.0,1.0,1.0,18100.0,18100.0,18100.0,8.3,11.25,0.3,5.825201823,73.83352050875
GUNNING1,GUNNING,Gunning Wind Farm,NSW1,CAN,415.0,Wind,Wind,0.0,SEMI-SCHEDULED,47.0,0.0,2820.0,2820.0,2820.0,2820.0,1.0,1.0,235.0,94.0,141.0,0.0,3.6,0.0,0.0,0.0
TNPS1,TARONGN,Tarong North Power Station,QLD1,SWQ,456.0,Black coal,Fossil,0.89438,SCHEDULED,443.0,175.0,270.0,270.0,320.0,320.0,8.0,8.0,155050.0,17720.0,53160.0,1.0,9.183673469,0.1,2.766,26.402040815254
NPS,NEWPORT,NEWPORT POWER STATION,VIC1,MEL,147.0,Natural Gas (Pipeline),Fossil,0.59856,SCHEDULED,500.0,0.0,340.0,340.0,420.0,420.0,1.0,1.0,10000.0,2500.0,5000.0,12.5,10.81081081,0.3,6.70209177,84.95504615672803
NBHWF1,NBHWF,North Brown Hill Wind Farm,SA1,NSA,399.0,Wind,Wind,0.0,SEMI-SCHEDULED,132.0,0.0,180.0,180.0,180.0,180.0,1.0,1.0,660.0,264.0,396.0,0.0,3.6,0.0,0.0,0.0
CLEMGPWF,CLEMGPWF,Clements Gap Wind Farm,SA1,NSA,353.0,Wind,Wind,0.0,SEMI-SCHEDULED,57.0,0.0,1790.0,1790.0,1790.0,1790.0,1.0,1.0,285.0,114.0,171.0,0.0,3.6,0.0,0.0,0.0
MURRAY,MURRAY,Murray Power Station,NSW1,CAN,209.0,Hydro,Hydro,0.0,SCHEDULED,1500.0,0.0,11440.0,2990.0,12000.0,2530.0,1.0,1.0,7500.0,3000.0,4500.0,7.0,0.0,0.0,0.0,7.0
LADBROK2,LADBROKE,Ladbroke Grove Power Station,SA1,SESA,656.0,Natural Gas (Pipeline),Fossil,0.66009,SCHEDULED,40.0,0.0,480.0,480.0,480.0,480.0,1.0,1.0,4000.0,4000.0,4000.0,10.4,12.0,0.3,6.629058547,89.948702564
LADBROK1,LADBROKE,Ladbroke Grove Power Station,SA1,SESA,656.0,Natural Gas (Pipeline),Fossil,0.66009,SCHEDULED,40.0,0.0,480.0,480.0,480.0,480.0,1.0,1.0,4000.0,4000.0,4000.0,10.4,12.0,0.3,6.629058547,89.948702564
KPP_1,KOGANCK,Kogan Creek Power Station,QLD1,SWQ,815.0,Black coal,Fossil,0.9058299999999999,SCHEDULED,744.0,347.2,240.0,300.0,210.0,210.0,8.0,8.0,260400.0,29760.0,89280.0,0.4925,9.37,0.1,1.459,14.163329999999998
WOODLWN1,WOODLWN,Woodlawn Wind Farm,NSW1,CAN,692.0,Wind,Wind,0.0,SEMI-SCHEDULED,48.0,0.0,900.0,180.0,900.0,180.0,1.0,1.0,240.0,96.0,144.0,0.0,3.6,0.0,0.0,0.0
CPP_3,CALLIDEC,CALLIDE C NETT OFF,QLD1,CQ,933.0,Black coal,Fossil,0.9613200000000001,SCHEDULED,420.0,207.4074074074074,210.0,220.0,230.0,230.0,8.0,8.0,147000.0,16800.0,50400.0,1.0,9.863013699,0.1,2.12,21.90958904188
CPP_4,CALLIDEC,CALLIDE C NETT OFF,QLD1,CQ,933.0,Black coal,Fossil,0.9613200000000001,SCHEDULED,420.0,207.4074074074074,210.0,220.0,230.0,230.0,8.0,8.0,147000.0,16800.0,50400.0,1.0,9.863013699,0.1,2.12,21.90958904188
BW01,BAYSW,Bayswater Power Station,NSW1,NCEN,244.0,Black coal,Fossil,0.9674,SCHEDULED,660.0,291.1764705882353,120.0,100.0,310.0,230.0,8.0,8.0,231000.0,26400.0,79200.0,1.0,10.02785515,0.1,1.463,15.670752084450001
BW02,BAYSW,Bayswater Power Station,NSW1,NCEN,244.0,Black coal,Fossil,0.9674,SCHEDULED,660.0,291.1764705882353,120.0,100.0,310.0,230.0,8.0,8.0,231000.0,26400.0,79200.0,1.0,10.02785515,0.1,1.463,15.670752084450001
BW03,BAYSW,Bayswater Power Station,NSW1,NCEN,244.0,Black coal,Fossil,0.9674,SCHEDULED,660.0,291.1764705882353,120.0,100.0,310.0,230.0,8.0,8.0,231000.0,26400.0,79200.0,1.0,10.02785515,0.1,1.463,15.670752084450001
BW04,BAYSW,Bayswater Power Station,NSW1,NCEN,244.0,Black coal,Fossil,0.9674,SCHEDULED,660.0,291.1764705882353,120.0,100.0,310.0,230.0,8.0,8.0,231000.0,26400.0,79200.0,1.0,10.02785515,0.1,1.463,15.670752084450001
HALLWF1,HALLWF,Hallett 1 Wind Farm,SA1,NSA,107.0,Wind,Wind,0.0,SEMI-SCHEDULED,95.0,0.0,180.0,180.0,180.0,180.0,1.0,1.0,475.0,190.0,285.0,0.0,3.6,0.0,0.0,0.0
TUMUT3,SNOWY1,Tumut 3 Power Station,NSW1,CAN,667.0,Hydro,Hydro,0.0,SCHEDULED,1500.0,0.0,12000.0,2890.0,12000.0,2120.0,1.0,1.0,7500.0,3000.0,4500.0,7.0,0.0,0.0,0.0,7.0
POR03,PORTLCN,Port Lincoln Gas Turbine,SA1,NSA,885.0,Diesel oil,Fossil,1.5615299999999999,SCHEDULED,23.0,0.0,180.0,180.0,180.0,180.0,1.0,1.0,2300.0,2300.0,2300.0,10.4,13.84615385,0.3,8.405479859,126.78356731079032
POR01,PORTLCN,Port Lincoln Gas Turbine,SA1,NSA,885.0,Diesel oil,Fossil,1.5615299999999999,SCHEDULED,50.0,0.0,180.0,180.0,180.0,180.0,1.0,1.0,5000.0,5000.0,5000.0,10.4,13.84615385,0.3,8.405479859,126.78356731079032
PPCCGT,NPPPPS,Pelican Point Power Station,SA1,ADE,797.0,Natural Gas (Pipeline),Fossil,0.48318,SCHEDULED,478.0,0.0,600.0,600.0,600.0,600.0,4.0,4.0,11950.0,2390.0,7170.0,7.0,7.5,0.3,7.223998176,61.179986320000005
CPSA,CPSA,Condamine Power Station A,QLD1,SWQ,819.0,Natural Gas (Pipeline),Fossil,0.5264,SCHEDULED,144.0,0.0,170.0,170.0,180.0,180.0,4.0,4.0,3600.0,720.0,2160.0,7.0,7.5,0.3,5.745362791,50.090220932499996
PTSTAN1,STANVAC,Pt Stanvac Power Station,SA1,ADE,11.0,Diesel oil,Fossil,0.657,SCHEDULED,58.0,0.0,180.0,180.0,180.0,180.0,1.0,1.0,5800.0,5800.0,5800.0,10.88332,13.84615385,0.3,8.405479859,127.26688731079031
HDWF2,HORNSDAL2,Hornsdale Wind Farm 2,SA1,NSA,107.0,Wind,Wind,0.0,SEMI-SCHEDULED,102.0,0.0,180.0,180.0,180.0,180.0,1.0,1.0,510.0,204.0,306.0,0.0,3.6,0.0,0.0,0.0
HDWF1,HORNSDAL,Hornsdale Wind Farm,SA1,NSA,107.0,Wind,Wind,0.0,SEMI-SCHEDULED,102.0,0.0,180.0,180.0,180.0,180.0,1.0,1.0,510.0,204.0,306.0,0.0,3.6,0.0,0.0,0.0
HALLWF2,HALLWF2,Hallett 2 Wind Farm,SA1,NSA,405.0,Wind,Wind,0.0,SEMI-SCHEDULED,71.0,0.0,120.0,120.0,120.0,120.0,1.0,1.0,355.0,142.0,213.0,0.0,3.6,0.0,0.0,0.0
GUTHEGA,SNOWY3,Guthega Power Station,NSW1,CAN,206.0,Hydro,Hydro,0.0,SCHEDULED,60.0,21.0,580.0,600.0,590.0,600.0,1.0,1.0,300.0,120.0,180.0,7.0,0.0,0.0,0.0,7.0
POAT220,PTINA220,Poatina Power Station,TAS1,TAS,706.0,Hydro,Hydro,0.0,SCHEDULED,200.0,0.0,1210.0,1220.0,2250.0,2260.0,1.0,1.0,1000.0,400.0,600.0,7.0,0.0,0.0,0.0,7.0
POAT110,PTINA110,Poatina Power Station,TAS1,TAS,706.0,Hydro,Hydro,0.0,SCHEDULED,100.0,0.0,1210.0,1220.0,2250.0,2260.0,1.0,1.0,500.0,200.0,300.0,7.0,0.0,0.0,0.0,7.0
TARRALEA,TARRALEA,Tarraleah Power Station,TAS1,TAS,936.0,Hydro,Hydro,0.0,SCHEDULED,90.0,0.0,1000.0,1000.0,1000.0,1000.0,1.0,1.0,450.0,180.0,270.0,7.0,0.0,0.0,0.0,7.0
FISHER,FISHER,Fisher Power Station,TAS1,TAS,373.0,Hydro,Hydro,0.0,SCHEDULED,43.0,0.0,440.0,440.0,890.0,890.0,1.0,1.0,215.0,86.0,129.0,7.0,0.0,0.0,0.0,7.0
SNUG1,SNUG,SNUGGERY POWER STATION,SA1,SESA,655.0,Diesel oil,Fossil,1.4918,SCHEDULED,63.0,0.0,180.0,180.0,180.0,180.0,1.0,1.0,6300.0,6300.0,6300.0,10.4,13.84615385,0.3,8.582270557,129.2314385145472
SHGEN,SHOALHAV,Shoalhaven Power Station (Bendeela And Kangaroo Valley Power Station And Pumps),NSW1,NCEN,596.0,Hydro,Hydro,0.0,SCHEDULED,240.0,0.0,600.0,600.0,600.0,600.0,1.0,1.0,1200.0,480.0,720.0,7.0,0.0,0.0,0.0,7.0
MACARTH1,MACARTH,Macarthur Wind Farm,VIC1,MEL,621.0,Wind,Wind,0.0,SEMI-SCHEDULED,420.0,0.0,620.0,600.0,630.0,620.0,1.0,1.0,2100.0,840.0,1260.0,0.0,3.6,0.0,0.0,0.0
ER02,ERARING,ERARING POWER STATION,NSW1,NCEN,909.0,Black coal,Fossil,0.96475,SCHEDULED,720.0,230.4,150.0,210.0,300.0,300.0,8.0,8.0,252000.0,28800.0,86400.0,1.0,10.16949153,0.1,2.29,24.288135603700002
ER01,ERARING,ERARING POWER STATION,NSW1,NCEN,909.0,Black coal,Fossil,0.96475,SCHEDULED,720.0,230.4,150.0,210.0,300.0,300.0,8.0,8.0,252000.0,28800.0,86400.0,1.0,10.16949153,0.1,2.29,24.288135603700002
ER03,ERARING,ERARING POWER STATION,NSW1,NCEN,909.0,Black coal,Fossil,0.96475,SCHEDULED,720.0,230.4,150.0,210.0,300.0,300.0,8.0,8.0,252000.0,28800.0,86400.0,1.0,10.16949153,0.1,2.29,24.288135603700002
ER04,ERARING,ERARING POWER STATION,NSW1,NCEN,909.0,Black coal,Fossil,0.96475,SCHEDULED,720.0,230.4,150.0,210.0,300.0,300.0,8.0,8.0,252000.0,28800.0,86400.0,1.0,10.16949153,0.1,2.29,24.288135603700002
LYA2,LOYYANGA,LOY YANG A POWER STATION,VIC1,LV,35.0,Brown coal,Fossil,1.25875,SCHEDULED,530.0,328.6,350.0,430.0,330.0,320.0,16.0,16.0,185500.0,21200.0,63600.0,1.0,13.23529412,0.1,0.616,9.15294117792
LYA1,LOYYANGA,LOY YANG A POWER STATION,VIC1,LV,35.0,Brown coal,Fossil,1.25875,SCHEDULED,560.0,347.2,350.0,430.0,330.0,320.0,16.0,16.0,196000.0,22400.0,67200.0,0.99,13.23529412,0.1,0.616,9.142941177920001
LYA4,LOYYANGA,LOY YANG A POWER STATION,VIC1,LV,35.0,Brown coal,Fossil,1.25875,SCHEDULED,560.0,347.2,350.0,430.0,330.0,320.0,16.0,16.0,196000.0,22400.0,67200.0,1.02,13.23529412,0.1,0.616,9.17294117792
LYA3,LOYYANGA,LOY YANG A POWER STATION,VIC1,LV,35.0,Brown coal,Fossil,1.25875,SCHEDULED,560.0,347.2,350.0,430.0,330.0,320.0,16.0,16.0,196000.0,22400.0,67200.0,1.01,13.23529412,0.1,0.616,9.16294117792
MCKAY1,MCKAY,Bogong / Mackay Power Station,VIC1,NVIC,736.0,Hydro,Hydro,0.0,SCHEDULED,300.0,0.0,3600.0,3600.0,3600.0,3530.0,1.0,1.0,1500.0,600.0,900.0,7.0,0.0,0.0,0.0,7.0
STAN-1,STANWELL,STANWELL POWER STATION,QLD1,CQ,224.0,Black coal,Fossil,0.95068,SCHEDULED,365.0,182.5,180.0,180.0,180.0,180.0,8.0,8.0,127750.0,14600.0,43800.0,3.1,9.89010989,0.1,2.121,24.07692307669
STAN-2,STANWELL,STANWELL POWER STATION,QLD1,CQ,224.0,Black coal,Fossil,0.95068,SCHEDULED,365.0,182.5,180.0,180.0,180.0,180.0,8.0,8.0,127750.0,14600.0,43800.0,3.1,9.89010989,0.1,2.121,24.07692307669
STAN-3,STANWELL,STANWELL POWER STATION,QLD1,CQ,224.0,Black coal,Fossil,0.95068,SCHEDULED,365.0,182.5,180.0,180.0,180.0,180.0,8.0,8.0,127750.0,14600.0,43800.0,3.1,9.89010989,0.1,2.121,24.07692307669
STAN-4,STANWELL,STANWELL POWER STATION,QLD1,CQ,224.0,Black coal,Fossil,0.95068,SCHEDULED,365.0,182.5,180.0,180.0,180.0,180.0,8.0,8.0,127750.0,14600.0,43800.0,3.1,9.89010989,0.1,2.121,24.07692307669
BARCALDN,BARCALDN,Barcaldine Power Station,QLD1,CQ,170.0,Natural Gas (Pipeline),Fossil,1.11024,SCHEDULED,37.0,0.0,180.0,180.0,180.0,180.0,4.0,4.0,3700.0,3700.0,3700.0,10.4,12.85714286,0.3,6.6,95.257142876
AGLSOM,AGLSOM,Somerton Power Station,VIC1,MEL,194.0,Natural Gas (Pipeline),Fossil,0.82609,SCHEDULED,170.0,0.0,600.0,600.0,600.0,600.0,1.0,1.0,17000.0,17000.0,17000.0,10.4,15.0,0.3,6.652307128,110.18460692000001
WATERLWF,WATERLWF,Waterloo Wind Farm,SA1,NSA,125.0,Wind,Wind,0.0,SEMI-SCHEDULED,130.0,0.0,620.0,600.0,630.0,620.0,1.0,1.0,650.0,260.0,390.0,0.0,3.6,0.0,0.0,0.0
URANQ12,URANQ,Uranquinty Power Station,NSW1,SWNSW,448.0,Natural Gas (Pipeline),Fossil,0.73152,SCHEDULED,166.0,0.0,660.0,660.0,660.0,660.0,1.0,1.0,16600.0,16600.0,16600.0,10.4,11.25,0.3,6.49676901,83.48865136250001
URANQ14,URANQ,Uranquinty Power Station,NSW1,SWNSW,448.0,Natural Gas (Pipeline),Fossil,0.73152,SCHEDULED,166.0,0.0,660.0,660.0,660.0,660.0,1.0,1.0,16600.0,16600.0,16600.0,10.4,11.25,0.3,6.49676901,83.48865136250001
URANQ11,URANQ,Uranquinty Power Station,NSW1,SWNSW,448.0,Natural Gas (Pipeline),Fossil,0.73152,SCHEDULED,166.0,0.0,660.0,660.0,660.0,660.0,1.0,1.0,16600.0,16600.0,16600.0,10.4,11.25,0.3,6.49676901,83.48865136250001
URANQ13,URANQ,Uranquinty Power Station,NSW1,SWNSW,448.0,Natural Gas (Pipeline),Fossil,0.73152,SCHEDULED,166.0,0.0,660.0,660.0,660.0,660.0,1.0,1.0,16600.0,16600.0,16600.0,10.4,11.25,0.3,6.49676901,83.48865136250001
MACKAYGT,MACKAY,MACKAY GAS TURBINE,QLD1,NQ,889.0,Diesel oil,Fossil,1.0562799999999999,SCHEDULED,30.0,0.0,600.0,600.0,600.0,600.0,1.0,1.0,3000.0,3000.0,3000.0,10.4,12.85714286,0.3,5.990506562,87.42079867140146
ARWF1,ARWF,Ararat Wind Farm,VIC1,CVIC,303.0,Wind,Wind,0.0,SEMI-SCHEDULED,241.0,0.0,620.0,600.0,630.0,620.0,1.0,1.0,1205.0,482.0,723.0,0.0,3.6,0.0,0.0,0.0
LOYYB1,LOYYB,LOY YANG B POWER STATION,VIC1,LV,774.0,Brown coal,Fossil,1.2323,SCHEDULED,500.0,304.7619047619048,450.0,450.0,540.0,540.0,16.0,16.0,175000.0,20000.0,60000.0,1.0,13.53383459,0.1,0.616,9.336842107439999
LOYYB2,LOYYB,LOY YANG B POWER STATION,VIC1,LV,774.0,Brown coal,Fossil,1.2323,SCHEDULED,500.0,304.7619047619048,450.0,450.0,540.0,540.0,16.0,16.0,175000.0,20000.0,60000.0,1.01,13.53383459,0.1,0.616,9.346842107439999
LONSDALE,LONSDALE,Lonsdale Power Station,SA1,ADE,11.0,Diesel oil,Fossil,0.657,SCHEDULED,21.0,0.0,180.0,180.0,180.0,180.0,1.0,1.0,2100.0,2100.0,2100.0,10.88332,13.84615385,0.3,8.582270557,129.71475851454719
SNOWSTH1,SNOWSTH,Snowtown South Wind Farm,SA1,NSA,407.0,Wind,Wind,0.0,SEMI-SCHEDULED,126.0,0.0,620.0,600.0,630.0,620.0,1.0,1.0,630.0,252.0,378.0,0.0,3.6,0.0,0.0,0.0
SNOWTWN1,SNOWTOWN,Snowtown Wind Farm Units 1 And 47,SA1,NSA,870.0,Wind,Wind,0.0,SEMI-SCHEDULED,99.0,0.0,620.0,600.0,630.0,620.0,1.0,1.0,495.0,198.0,297.0,0.0,3.6,0.0,0.0,0.0
SITHE01,SITHE,SMITHFIELD ENERGY FACILITY,NSW1,NCEN,181.0,Natural Gas (Pipeline),Fossil,0.6171300000000001,SCHEDULED,160.0,0.0,60.0,180.0,70.0,180.0,1.0,1.0,4000.0,800.0,2400.0,7.0,8.780487805,0.3,5.825201823,58.148113568515264
ANGAST1,ANGASTON,ANGASTON POWER STATION,SA1,NSA,294.0,Diesel oil,Fossil,0.657,SCHEDULED,50.0,0.0,180.0,180.0,180.0,180.0,1.0,1.0,5000.0,5000.0,5000.0,10.88332,13.84615385,0.3,8.582270557,129.71475851454719
BALDHWF1,BHWF,Bald Hills Wind Farm,VIC1,MEL,496.0,Wind,Wind,0.0,SEMI-SCHEDULED,106.0,0.0,620.0,600.0,630.0,620.0,1.0,1.0,530.0,212.0,318.0,0.0,3.6,0.0,0.0,0.0
MACKNTSH,MACKNTSH,Mackintosh Power Station,TAS1,TAS,830.0,Hydro,Hydro,0.0,SCHEDULED,80.0,0.0,1000.0,1000.0,1800.0,1800.0,1.0,1.0,400.0,160.0,240.0,7.0,0.0,0.0,0.0,7.0
SNOWNTH1,SNOWNTH,Snowtown Wind Farm Stage 2 North,SA1,NSA,870.0,Wind,Wind,0.0,SEMI-SCHEDULED,144.0,0.0,620.0,600.0,630.0,620.0,1.0,1.0,720.0,288.0,432.0,0.0,3.6,0.0,0.0,0.0
MEADOWBK,MEADOWBK,Meadowbank Power Station,TAS1,TAS,676.0,Hydro,Hydro,0.0,SCHEDULED,40.0,0.0,290.0,290.0,480.0,480.0,1.0,1.0,200.0,80.0,120.0,7.0,0.0,0.0,0.0,7.0
MERCER01,MTMERCER,Mt Mercer Wind Farm,VIC1,MEL,304.0,Wind,Wind,0.0,SEMI-SCHEDULED,131.0,0.0,620.0,600.0,630.0,620.0,1.0,1.0,655.0,262.0,393.0,0.0,3.6,0.0,0.0,0.0
JBUTTERS,JBUTTERS,John Butters Power Station,TAS1,TAS,938.0,Hydro,Hydro,0.0,SCHEDULED,144.0,0.0,1610.0,1610.0,1730.0,1730.0,1.0,1.0,720.0,288.0,432.0,7.0,0.0,0.0,0.0,7.0
AGLHAL,AGLHAL,Hallett Power Station,SA1,NSA,9.0,Natural Gas (Pipeline),Fossil,1.18618,SCHEDULED,180.0,0.0,600.0,600.0,600.0,600.0,1.0,1.0,18000.0,18000.0,18000.0,10.4,15.0,0.3,6.319350734,105.19026101000001
SWAN_E,SWANBANK,Swanbank B Power Station & Swanbank E Gas Turbine,QLD1,SEQ,918.0,Natural Gas (Pipeline),Fossil,0.44078999999999996,SCHEDULED,385.0,0.0,620.0,640.0,640.0,640.0,4.0,4.0,9625.0,1925.0,5775.0,7.0,7.659574468,0.3,6.9442,60.1896170206856
